trade_date,natural_days_to_10pct_close_move,breach_date,breach_close
2019-12-31,14,2020-01-13,1105.85
2020-01-02,15,2020-01-16,1154.30
2020-01-03,14,2020-01-16,1154.30
2020-01-06,11,2020-01-16,1154.30
2020-01-07,10,2020-01-16,1154.30
2020-01-08,10,2020-01-17,1238.66
2020-01-09,9,2020-01-17,1238.66
2020-01-10,8,2020-01-17,1238.66
2020-01-13,5,2020-01-17,1238.66
2020-01-14,4,2020-01-17,1238.66
2020-01-15,3,2020-01-17,1238.66
2020-01-16,19,2020-02-03,1030.55
2020-01-17,18,2020-02-03,1030.55
2020-01-20,15,2020-02-03,1030.55
2020-01-21,14,2020-02-03,1030.55
2020-01-22,13,2020-02-03,1030.55
2020-01-23,12,2020-02-03,1030.55
2020-02-03,2,2020-02-04,1153.23
2020-02-04,4,2020-02-07,1307.76
2020-02-05,8,2020-02-12,1348.70
2020-02-06,12,2020-02-17,1381.55
2020-02-07,32,2020-03-09,1171.86
2020-02-10,29,2020-03-09,1171.86
2020-02-11,35,2020-03-16,1115.08
2020-02-12,17,2020-02-28,1191.06
2020-02-13,16,2020-02-28,1191.06
2020-02-14,15,2020-02-28,1191.06
2020-02-17,12,2020-02-28,1191.06
2020-02-18,11,2020-02-28,1191.06
2020-02-19,10,2020-02-28,1191.06
2020-02-20,9,2020-02-28,1191.06
2020-02-21,8,2020-02-28,1191.06
2020-02-24,5,2020-02-28,1191.06
2020-02-25,4,2020-02-28,1191.06
2020-02-26,20,2020-03-16,1115.08
2020-02-27,19,2020-03-16,1115.08
2020-02-28,25,2020-03-23,1039.88
2020-03-02,15,2020-03-16,1115.08
2020-03-03,14,2020-03-16,1115.08
2020-03-04,13,2020-03-16,1115.08
2020-03-05,12,2020-03-16,1115.08
2020-03-06,11,2020-03-16,1115.08
2020-03-09,15,2020-03-23,1039.88
2020-03-10,14,2020-03-23,1039.88
2020-03-11,13,2020-03-23,1039.88
2020-03-12,12,2020-03-23,1039.88
2020-03-13,11,2020-03-23,1039.88
2020-03-16,52,2020-05-06,1247.51
2020-03-17,51,2020-05-06,1247.51
2020-03-18,50,2020-05-06,1247.51
2020-03-19,49,2020-05-06,1247.51
2020-03-20,48,2020-05-06,1247.51
2020-03-23,32,2020-04-23,1149.72
2020-03-24,44,2020-05-06,1247.51
2020-03-25,43,2020-05-06,1247.51
2020-03-26,42,2020-05-06,1247.51
2020-03-27,41,2020-05-06,1247.51
2020-03-30,25,2020-04-23,1149.72
2020-03-31,21,2020-04-20,1133.36
2020-04-01,23,2020-04-23,1149.72
2020-04-02,35,2020-05-06,1247.51
2020-04-03,34,2020-05-06,1247.51
2020-04-07,30,2020-05-06,1247.51
2020-04-08,29,2020-05-06,1247.51
2020-04-09,28,2020-05-06,1247.51
2020-04-10,21,2020-04-30,1166.35
2020-04-13,11,2020-04-23,1149.72
2020-04-14,23,2020-05-06,1247.51
2020-04-15,22,2020-05-06,1247.51
2020-04-16,21,2020-05-06,1247.51
2020-04-17,20,2020-05-06,1247.51
2020-04-20,17,2020-05-06,1247.51
2020-04-21,16,2020-05-06,1247.51
2020-04-22,24,2020-05-15,1270.48
2020-04-23,23,2020-05-15,1270.48
2020-04-24,22,2020-05-15,1270.48
2020-04-27,19,2020-05-15,1270.48
2020-04-28,9,2020-05-06,1247.51
2020-04-29,8,2020-05-06,1247.51
2020-04-30,20,2020-05-19,1324.42
2020-05-06,49,2020-06-23,1407.19
2020-05-07,47,2020-06-22,1371.21
2020-05-08,46,2020-06-22,1371.21
2020-05-11,43,2020-06-22,1371.21
2020-05-12,42,2020-06-22,1371.21
2020-05-13,42,2020-06-23,1407.19
2020-05-14,40,2020-06-22,1371.21
2020-05-15,40,2020-06-23,1407.19
2020-05-18,37,2020-06-23,1407.19
2020-05-19,49,2020-07-06,1538.40
2020-05-20,42,2020-06-30,1447.89
2020-05-21,34,2020-06-23,1407.19
2020-05-22,32,2020-06-22,1371.21
2020-05-25,29,2020-06-22,1371.21
2020-05-26,29,2020-06-23,1407.19
2020-05-27,28,2020-06-23,1407.19
2020-05-28,26,2020-06-22,1371.21
2020-05-29,25,2020-06-22,1371.21
2020-06-01,30,2020-06-30,1447.89
2020-06-02,29,2020-06-30,1447.89
2020-06-03,22,2020-06-24,1424.28
2020-06-04,27,2020-06-30,1447.89
2020-06-05,26,2020-06-30,1447.89
2020-06-08,17,2020-06-24,1424.28
2020-06-09,15,2020-06-23,1407.19
2020-06-10,14,2020-06-23,1407.19
2020-06-11,13,2020-06-23,1407.19
2020-06-12,12,2020-06-23,1407.19
2020-06-15,9,2020-06-23,1407.19
2020-06-16,9,2020-06-24,1424.28
2020-06-17,8,2020-06-24,1424.28
2020-06-18,13,2020-06-30,1447.89
2020-06-19,18,2020-07-06,1538.40
2020-06-22,15,2020-07-06,1538.40
2020-06-23,15,2020-07-07,1572.19
2020-06-24,14,2020-07-07,1572.19
2020-06-29,9,2020-07-07,1572.19
2020-06-30,9,2020-07-08,1599.91
2020-07-01,8,2020-07-08,1599.91
2020-07-02,7,2020-07-08,1599.91
2020-07-03,6,2020-07-08,1599.91
2020-07-06,8,2020-07-13,1721.98
2020-07-07,18,2020-07-24,1389.31
2020-07-08,17,2020-07-24,1389.31
2020-07-09,8,2020-07-16,1469.80
2020-07-10,7,2020-07-16,1469.80
2020-07-13,4,2020-07-16,1469.80
2020-07-14,3,2020-07-16,1469.80
2020-07-15,3,2020-07-17,1443.40
2020-07-16,19,2020-08-03,1622.81
2020-07-17,18,2020-08-03,1622.81
2020-07-20,15,2020-08-03,1622.81
2020-07-21,51,2020-09-09,1298.08
2020-07-22,49,2020-09-08,1344.61
2020-07-23,48,2020-09-08,1344.61
2020-07-24,11,2020-08-03,1622.81
2020-07-27,5,2020-07-31,1512.98
2020-07-28,7,2020-08-03,1622.81
2020-07-29,43,2020-09-09,1298.08
2020-07-30,5,2020-08-03,1622.81
2020-07-31,39,2020-09-07,1356.70
2020-08-03,10,2020-08-12,1458.64
2020-08-04,23,2020-08-26,1383.31
2020-08-05,21,2020-08-25,1427.70
2020-08-06,21,2020-08-26,1383.31
2020-08-07,32,2020-09-07,1356.70
2020-08-10,29,2020-09-07,1356.70
2020-08-11,30,2020-09-09,1298.08
2020-08-12,29,2020-09-09,1298.08
2020-08-13,28,2020-09-09,1298.08
2020-08-14,27,2020-09-09,1298.08
2020-08-17,23,2020-09-08,1344.61
2020-08-18,21,2020-09-07,1356.70
2020-08-19,22,2020-09-09,1298.08
2020-08-20,21,2020-09-09,1298.08
2020-08-21,20,2020-09-09,1298.08
2020-08-24,17,2020-09-09,1298.08
2020-08-25,17,2020-09-10,1280.19
2020-08-26,196,2021-03-09,1230.14
2020-08-27,194,2021-03-08,1275.46
2020-08-28,194,2021-03-09,1230.14
2020-08-31,11,2020-09-10,1280.19
2020-09-01,10,2020-09-10,1280.19
2020-09-02,9,2020-09-10,1280.19
2020-09-03,188,2021-03-09,1230.14
2020-09-04,187,2021-03-09,1230.14
2020-09-07,37,2020-10-13,1497.60
2020-09-08,35,2020-10-12,1490.58
2020-09-09,31,2020-10-09,1465.96
2020-09-10,14,2020-09-23,1423.90
2020-09-11,29,2020-10-09,1465.96
2020-09-14,29,2020-10-12,1490.58
2020-09-15,182,2021-03-15,1223.39
2020-09-16,27,2020-10-12,1490.58
2020-09-17,174,2021-03-09,1230.14
2020-09-18,173,2021-03-09,1230.14
2020-09-21,170,2021-03-09,1230.14
2020-09-22,169,2021-03-09,1230.14
2020-09-23,167,2021-03-08,1275.46
2020-09-24,167,2021-03-09,1230.14
2020-09-25,172,2021-03-15,1223.39
2020-09-28,15,2020-10-12,1490.58
2020-09-29,162,2021-03-09,1230.14
2020-09-30,160,2021-03-08,1275.46
2020-10-09,151,2021-03-08,1275.46
2020-10-12,12,2020-10-23,1336.53
2020-10-13,11,2020-10-23,1336.53
2020-10-14,10,2020-10-23,1336.53
2020-10-15,145,2021-03-08,1275.46
2020-10-16,144,2021-03-08,1275.46
2020-10-19,142,2021-03-09,1230.14
2020-10-20,140,2021-03-08,1275.46
2020-10-21,140,2021-03-09,1230.14
2020-10-22,139,2021-03-09,1230.14
2020-10-23,14,2020-11-05,1475.38
2020-10-26,92,2021-01-25,1498.60
2020-10-27,134,2021-03-09,1230.14
2020-10-28,133,2021-03-09,1230.14
2020-10-29,132,2021-03-09,1230.14
2020-10-30,131,2021-03-09,1230.14
2020-11-02,128,2021-03-09,1230.14
2020-11-03,126,2021-03-08,1275.46
2020-11-04,125,2021-03-08,1275.46
2020-11-05,114,2021-02-26,1325.59
2020-11-06,123,2021-03-08,1275.46
2020-11-09,110,2021-02-26,1325.59
2020-11-10,119,2021-03-08,1275.46
2020-11-11,119,2021-03-09,1230.14
2020-11-12,118,2021-03-09,1230.14
2020-11-13,116,2021-03-08,1275.46
2020-11-16,113,2021-03-08,1275.46
2020-11-17,112,2021-03-08,1275.46
2020-11-18,111,2021-03-08,1275.46
2020-11-19,110,2021-03-08,1275.46
2020-11-20,109,2021-03-08,1275.46
2020-11-23,106,2021-03-08,1275.46
2020-11-24,106,2021-03-09,1230.14
2020-11-25,105,2021-03-09,1230.14
2020-11-26,104,2021-03-09,1230.14
2020-11-27,103,2021-03-09,1230.14
2020-11-30,100,2021-03-09,1230.14
2020-12-01,99,2021-03-09,1230.14
2020-12-02,98,2021-03-09,1230.14
2020-12-03,97,2021-03-09,1230.14
2020-12-04,96,2021-03-09,1230.14
2020-12-07,93,2021-03-09,1230.14
2020-12-08,92,2021-03-09,1230.14
2020-12-09,97,2021-03-15,1223.39
2020-12-10,47,2021-01-25,1498.60
2020-12-11,95,2021-03-15,1223.39
2020-12-14,86,2021-03-09,1230.14
2020-12-15,91,2021-03-15,1223.39
2020-12-16,34,2021-01-18,1481.25
2020-12-17,89,2021-03-15,1223.39
2020-12-18,39,2021-01-25,1498.60
2020-12-21,79,2021-03-09,1230.14
2020-12-22,35,2021-01-25,1498.60
2020-12-23,77,2021-03-09,1230.14
2020-12-24,30,2021-01-22,1486.31
2020-12-25,29,2021-01-22,1486.31
2020-12-28,22,2021-01-18,1481.25
2020-12-29,21,2021-01-18,1481.25
2020-12-30,76,2021-03-15,1223.39
2020-12-31,69,2021-03-09,1230.14
2021-01-04,64,2021-03-08,1275.46
2021-01-05,63,2021-03-08,1275.46
2021-01-06,63,2021-03-09,1230.14
2021-01-07,62,2021-03-09,1230.14
2021-01-08,61,2021-03-09,1230.14
2021-01-11,58,2021-03-09,1230.14
2021-01-12,57,2021-03-09,1230.14
2021-01-13,56,2021-03-09,1230.14
2021-01-14,54,2021-03-08,1275.46
2021-01-15,53,2021-03-08,1275.46
2021-01-18,40,2021-02-26,1325.59
2021-01-19,49,2021-03-08,1275.46
2021-01-20,38,2021-02-26,1325.59
2021-01-21,37,2021-02-26,1325.59
2021-01-22,36,2021-02-26,1325.59
2021-01-25,33,2021-02-26,1325.59
2021-01-26,32,2021-02-26,1325.59
2021-01-27,41,2021-03-08,1275.46
2021-01-28,40,2021-03-08,1275.46
2021-01-29,39,2021-03-08,1275.46
2021-02-01,36,2021-03-08,1275.46
2021-02-02,35,2021-03-08,1275.46
2021-02-03,35,2021-03-09,1230.14
2021-02-04,34,2021-03-09,1230.14
2021-02-05,33,2021-03-09,1230.14
2021-02-08,30,2021-03-09,1230.14
2021-02-09,28,2021-03-08,1275.46
2021-02-10,27,2021-03-08,1275.46
2021-02-18,19,2021-03-08,1275.46
2021-02-19,18,2021-03-08,1275.46
2021-02-22,16,2021-03-09,1230.14
2021-02-23,15,2021-03-09,1230.14
2021-02-24,20,2021-03-15,1223.39
2021-02-25,114,2021-06-18,1494.70
2021-02-26,96,2021-06-01,1460.54
2021-03-01,16,2021-03-16,1220.37
2021-03-02,109,2021-06-18,1494.70
2021-03-03,13,2021-03-15,1223.39
2021-03-04,90,2021-06-01,1460.54
2021-03-05,105,2021-06-17,1473.51
2021-03-08,85,2021-05-31,1442.67
2021-03-09,78,2021-05-25,1370.12
2021-03-10,77,2021-05-25,1370.12
2021-03-11,78,2021-05-27,1397.77
2021-03-12,77,2021-05-27,1397.77
2021-03-15,72,2021-05-25,1370.12
2021-03-16,71,2021-05-25,1370.12
2021-03-17,70,2021-05-25,1370.12
2021-03-18,69,2021-05-25,1370.12
2021-03-19,68,2021-05-25,1370.12
2021-03-22,65,2021-05-25,1370.12
2021-03-23,64,2021-05-25,1370.12
2021-03-24,63,2021-05-25,1370.12
2021-03-25,62,2021-05-25,1370.12
2021-03-26,63,2021-05-27,1397.77
2021-03-29,60,2021-05-27,1397.77
2021-03-30,59,2021-05-27,1397.77
2021-03-31,58,2021-05-27,1397.77
2021-04-01,57,2021-05-27,1397.77
2021-04-02,60,2021-05-31,1442.67
2021-04-06,56,2021-05-31,1442.67
2021-04-07,55,2021-05-31,1442.67
2021-04-08,54,2021-05-31,1442.67
2021-04-09,53,2021-05-31,1442.67
2021-04-12,44,2021-05-25,1370.12
2021-04-13,43,2021-05-25,1370.12
2021-04-14,44,2021-05-27,1397.77
2021-04-15,43,2021-05-27,1397.77
2021-04-16,46,2021-05-31,1442.67
2021-04-19,43,2021-05-31,1442.67
2021-04-20,42,2021-05-31,1442.67
2021-04-21,41,2021-05-31,1442.67
2021-04-22,40,2021-05-31,1442.67
2021-04-23,40,2021-06-01,1460.54
2021-04-26,37,2021-06-01,1460.54
2021-04-27,36,2021-06-01,1460.54
2021-04-28,35,2021-06-01,1460.54
2021-04-29,34,2021-06-01,1460.54
2021-04-30,33,2021-06-01,1460.54
2021-05-06,26,2021-05-31,1442.67
2021-05-07,21,2021-05-27,1397.77
2021-05-10,18,2021-05-27,1397.77
2021-05-11,17,2021-05-27,1397.77
2021-05-12,20,2021-05-31,1442.67
2021-05-13,19,2021-05-31,1442.67
2021-05-14,18,2021-05-31,1442.67
2021-05-17,32,2021-06-17,1473.51
2021-05-18,15,2021-06-01,1460.54
2021-05-19,14,2021-06-01,1460.54
2021-05-20,29,2021-06-17,1473.51
2021-05-21,12,2021-06-01,1460.54
2021-05-24,25,2021-06-17,1473.51
2021-05-25,28,2021-06-21,1528.13
2021-05-26,27,2021-06-21,1528.13
2021-05-27,33,2021-06-28,1562.98
2021-05-28,25,2021-06-21,1528.13
2021-05-31,31,2021-06-30,1588.22
2021-06-01,38,2021-07-08,1610.77
2021-06-02,29,2021-06-30,1588.22
2021-06-03,26,2021-06-28,1562.98
2021-06-04,27,2021-06-30,1588.22
2021-06-07,24,2021-06-30,1588.22
2021-06-08,21,2021-06-28,1562.98
2021-06-09,22,2021-06-30,1588.22
2021-06-10,29,2021-07-08,1610.77
2021-06-11,20,2021-06-30,1588.22
2021-06-15,24,2021-07-08,1610.77
2021-06-16,13,2021-06-28,1562.98
2021-06-17,118,2021-10-12,1319.39
2021-06-18,117,2021-10-12,1319.39
2021-06-21,88,2021-09-16,1351.43
2021-06-22,87,2021-09-16,1351.43
2021-06-23,86,2021-09-16,1351.43
2021-06-24,85,2021-09-16,1351.43
2021-06-25,84,2021-09-16,1351.43
2021-06-28,67,2021-09-02,1399.48
2021-06-29,66,2021-09-02,1399.48
2021-06-30,64,2021-09-01,1424.66
2021-07-01,64,2021-09-02,1399.48
2021-07-02,77,2021-09-16,1351.43
2021-07-05,60,2021-09-02,1399.48
2021-07-06,73,2021-09-16,1351.43
2021-07-07,58,2021-09-02,1399.48
2021-07-08,55,2021-08-31,1441.17
2021-07-09,55,2021-09-01,1424.66
2021-07-12,51,2021-08-31,1441.17
2021-07-13,51,2021-09-01,1424.66
2021-07-14,51,2021-09-02,1399.48
2021-07-15,50,2021-09-02,1399.48
2021-07-16,63,2021-09-16,1351.43
2021-07-19,60,2021-09-16,1351.43
2021-07-20,59,2021-09-16,1351.43
2021-07-21,44,2021-09-02,1399.48
2021-07-22,43,2021-09-02,1399.48
2021-07-23,42,2021-09-02,1399.48
2021-07-26,39,2021-09-02,1399.48
2021-07-27,49,2021-09-13,1384.43
2021-07-28,51,2021-09-16,1351.43
2021-07-29,35,2021-09-01,1424.66
2021-07-30,34,2021-09-01,1424.66
2021-08-02,31,2021-09-01,1424.66
2021-08-03,31,2021-09-02,1399.48
2021-08-04,28,2021-08-31,1441.17
2021-08-05,27,2021-08-31,1441.17
2021-08-06,27,2021-09-01,1424.66
2021-08-09,25,2021-09-02,1399.48
2021-08-10,23,2021-09-01,1424.66
2021-08-11,23,2021-09-02,1399.48
2021-08-12,21,2021-09-01,1424.66
2021-08-13,32,2021-09-13,1384.43
2021-08-16,29,2021-09-13,1384.43
2021-08-17,31,2021-09-16,1351.43
2021-08-18,30,2021-09-16,1351.43
2021-08-19,26,2021-09-13,1384.43
2021-08-20,28,2021-09-16,1351.43
2021-08-23,11,2021-09-02,1399.48
2021-08-24,10,2021-09-02,1399.48
2021-08-25,20,2021-09-13,1384.43
2021-08-26,35,2021-09-29,1345.77
2021-08-27,47,2021-10-12,1319.39
2021-08-30,44,2021-10-12,1319.39
2021-08-31,134,2022-01-11,1294.40
2021-09-01,147,2022-01-25,1277.00
2021-09-02,148,2022-01-27,1240.55
2021-09-03,147,2022-01-27,1240.55
2021-09-06,128,2022-01-11,1294.40
2021-09-07,127,2022-01-11,1294.40
2021-09-08,142,2022-01-27,1240.55
2021-09-09,141,2022-01-27,1240.55
2021-09-10,138,2022-01-25,1277.00
2021-09-13,137,2022-01-27,1240.55
2021-09-14,136,2022-01-27,1240.55
2021-09-15,135,2022-01-27,1240.55
2021-09-16,146,2022-02-08,1204.05
2021-09-17,145,2022-02-08,1204.05
2021-09-22,140,2022-02-08,1204.05
2021-09-23,139,2022-02-08,1204.05
2021-09-24,127,2022-01-28,1229.22
2021-09-27,124,2022-01-28,1229.22
2021-09-28,134,2022-02-08,1204.05
2021-09-29,133,2022-02-08,1204.05
2021-09-30,121,2022-01-28,1229.22
2021-10-08,124,2022-02-08,1204.05
2021-10-11,121,2022-02-08,1204.05
2021-10-12,42,2021-11-22,1479.99
2021-10-13,41,2021-11-22,1479.99
2021-10-14,118,2022-02-08,1204.05
2021-10-15,117,2022-02-08,1204.05
2021-10-18,114,2022-02-08,1204.05
2021-10-19,102,2022-01-28,1229.22
2021-10-20,101,2022-01-28,1229.22
2021-10-21,111,2022-02-08,1204.05
2021-10-22,99,2022-01-28,1229.22
2021-10-25,95,2022-01-27,1240.55
2021-10-26,95,2022-01-28,1229.22
2021-10-27,105,2022-02-08,1204.05
2021-10-28,104,2022-02-08,1204.05
2021-10-29,91,2022-01-27,1240.55
2021-11-01,88,2022-01-27,1240.55
2021-11-02,87,2022-01-27,1240.55
2021-11-03,86,2022-01-27,1240.55
2021-11-04,85,2022-01-27,1240.55
2021-11-05,84,2022-01-27,1240.55
2021-11-08,81,2022-01-27,1240.55
2021-11-09,78,2022-01-25,1277.00
2021-11-10,77,2022-01-25,1277.00
2021-11-11,72,2022-01-21,1290.41
2021-11-12,61,2022-01-11,1294.40
2021-11-15,72,2022-01-25,1277.00
2021-11-16,71,2022-01-25,1277.00
2021-11-17,66,2022-01-21,1290.41
2021-11-18,69,2022-01-25,1277.00
2021-11-19,54,2022-01-11,1294.40
2021-11-22,46,2022-01-06,1320.94
2021-11-23,45,2022-01-06,1320.94
2021-11-24,44,2022-01-06,1320.94
2021-11-25,43,2022-01-06,1320.94
2021-11-26,43,2022-01-07,1305.49
2021-11-29,39,2022-01-06,1320.94
2021-11-30,38,2022-01-06,1320.94
2021-12-01,38,2022-01-07,1305.49
2021-12-02,55,2022-01-25,1277.00
2021-12-03,40,2022-01-11,1294.40
2021-12-06,53,2022-01-27,1240.55
2021-12-07,52,2022-01-27,1240.55
2021-12-08,51,2022-01-27,1240.55
2021-12-09,44,2022-01-21,1290.41
2021-12-10,43,2022-01-21,1290.41
2021-12-13,30,2022-01-11,1294.40
2021-12-14,29,2022-01-11,1294.40
2021-12-15,42,2022-01-25,1277.00
2021-12-16,41,2022-01-25,1277.00
2021-12-17,42,2022-01-27,1240.55
2021-12-20,51,2022-02-08,1204.05
2021-12-21,39,2022-01-28,1229.22
2021-12-22,38,2022-01-28,1229.22
2021-12-23,37,2022-01-28,1229.22
2021-12-24,47,2022-02-08,1204.05
2021-12-27,44,2022-02-08,1204.05
2021-12-28,32,2022-01-28,1229.22
2021-12-29,42,2022-02-08,1204.05
2021-12-30,30,2022-01-28,1229.22
2021-12-31,28,2022-01-27,1240.55
2022-01-04,36,2022-02-08,1204.05
2022-01-05,37,2022-02-10,1188.20
2022-01-06,36,2022-02-10,1188.20
2022-01-07,36,2022-02-11,1169.59
2022-01-10,33,2022-02-11,1169.59
2022-01-11,57,2022-03-08,1137.07
2022-01-12,31,2022-02-11,1169.59
2022-01-13,55,2022-03-08,1137.07
2022-01-14,29,2022-02-11,1169.59
2022-01-17,23,2022-02-08,1204.05
2022-01-18,22,2022-02-08,1204.05
2022-01-19,23,2022-02-10,1188.20
2022-01-20,23,2022-02-11,1169.59
2022-01-21,47,2022-03-08,1137.07
2022-01-24,19,2022-02-11,1169.59
2022-01-25,43,2022-03-08,1137.07
2022-01-26,42,2022-03-08,1137.07
2022-01-27,48,2022-03-15,1093.43
2022-01-28,47,2022-03-15,1093.43
2022-02-07,37,2022-03-15,1093.43
2022-02-08,50,2022-03-29,1079.93
2022-02-09,49,2022-03-29,1079.93
2022-02-10,56,2022-04-06,1058.49
2022-02-11,56,2022-04-07,1036.07
2022-02-14,53,2022-04-07,1036.07
2022-02-15,43,2022-03-29,1079.93
2022-02-16,50,2022-04-06,1058.49
2022-02-17,41,2022-03-29,1079.93
2022-02-18,40,2022-03-29,1079.93
2022-02-21,45,2022-04-06,1058.49
2022-02-22,44,2022-04-06,1058.49
2022-02-23,21,2022-03-15,1093.43
2022-02-24,20,2022-03-15,1093.43
2022-02-25,19,2022-03-15,1093.43
2022-02-28,16,2022-03-15,1093.43
2022-03-01,15,2022-03-15,1093.43
2022-03-02,14,2022-03-15,1093.43
2022-03-03,27,2022-03-29,1079.93
2022-03-04,26,2022-03-29,1079.93
2022-03-07,32,2022-04-07,1036.07
2022-03-08,35,2022-04-11,988.76
2022-03-09,34,2022-04-11,988.76
2022-03-10,29,2022-04-07,1036.07
2022-03-11,28,2022-04-07,1036.07
2022-03-14,29,2022-04-11,988.76
2022-03-15,30,2022-04-13,964.83
2022-03-16,27,2022-04-11,988.76
2022-03-17,23,2022-04-08,1027.24
2022-03-18,22,2022-04-08,1027.24
2022-03-21,18,2022-04-07,1036.07
2022-03-22,21,2022-04-11,988.76
2022-03-23,17,2022-04-08,1027.24
2022-03-24,19,2022-04-11,988.76
2022-03-25,18,2022-04-11,988.76
2022-03-28,17,2022-04-13,964.83
2022-03-29,16,2022-04-13,964.83
2022-03-30,13,2022-04-11,988.76
2022-03-31,14,2022-04-13,964.83
2022-04-01,13,2022-04-13,964.83
2022-04-06,17,2022-04-22,942.07
2022-04-07,19,2022-04-25,884.30
2022-04-08,18,2022-04-25,884.30
2022-04-11,15,2022-04-25,884.30
2022-04-12,14,2022-04-25,884.30
2022-04-13,14,2022-04-26,868.07
2022-04-14,13,2022-04-26,868.07
2022-04-15,12,2022-04-26,868.07
2022-04-18,8,2022-04-25,884.30
2022-04-19,7,2022-04-25,884.30
2022-04-20,7,2022-04-26,868.07
2022-04-21,43,2022-06-02,1079.85
2022-04-22,28,2022-05-19,1036.34
2022-04-25,17,2022-05-11,1002.46
2022-04-26,10,2022-05-05,956.13
2022-04-27,15,2022-05-11,1002.46
2022-04-28,14,2022-05-11,1002.46
2022-04-29,22,2022-05-20,1045.38
2022-05-05,29,2022-06-02,1079.85
2022-05-06,15,2022-05-20,1045.38
2022-05-09,12,2022-05-20,1045.38
2022-05-10,24,2022-06-02,1079.85
2022-05-11,27,2022-06-06,1121.54
2022-05-12,26,2022-06-06,1121.54
2022-05-13,25,2022-06-06,1121.54
2022-05-16,22,2022-06-06,1121.54
2022-05-17,21,2022-06-06,1121.54
2022-05-18,20,2022-06-06,1121.54
2022-05-19,79,2022-08-05,1157.33
2022-05-20,78,2022-08-05,1157.33
2022-05-23,75,2022-08-05,1157.33
2022-05-24,14,2022-06-06,1121.54
2022-05-25,13,2022-06-06,1121.54
2022-05-26,12,2022-06-06,1121.54
2022-05-27,11,2022-06-06,1121.54
2022-05-30,8,2022-06-06,1121.54
2022-05-31,67,2022-08-05,1157.33
2022-06-01,66,2022-08-05,1157.33
2022-06-02,112,2022-09-21,970.39
2022-06-06,102,2022-09-15,1000.08
2022-06-07,101,2022-09-15,1000.08
2022-06-08,100,2022-09-15,1000.08
2022-06-09,105,2022-09-21,970.39
2022-06-10,102,2022-09-19,975.55
2022-06-13,99,2022-09-19,975.55
2022-06-14,102,2022-09-23,960.94
2022-06-15,58,2022-08-11,1173.14
2022-06-16,98,2022-09-21,970.39
2022-06-17,95,2022-09-19,975.55
2022-06-20,92,2022-09-19,975.55
2022-06-21,93,2022-09-21,970.39
2022-06-22,51,2022-08-11,1173.14
2022-06-23,91,2022-09-21,970.39
2022-06-24,88,2022-09-19,975.55
2022-06-27,85,2022-09-19,975.55
2022-06-28,80,2022-09-15,1000.08
2022-06-29,83,2022-09-19,975.55
2022-06-30,82,2022-09-19,975.55
2022-07-01,81,2022-09-19,975.55
2022-07-04,78,2022-09-19,975.55
2022-07-05,77,2022-09-19,975.55
2022-07-06,76,2022-09-19,975.55
2022-07-07,71,2022-09-15,1000.08
2022-07-08,74,2022-09-19,975.55
2022-07-11,73,2022-09-21,970.39
2022-07-12,25,2022-08-05,1157.33
2022-07-13,28,2022-08-09,1162.32
2022-07-14,72,2022-09-23,960.94
2022-07-15,71,2022-09-23,960.94
2022-07-18,68,2022-09-23,960.94
2022-07-19,24,2022-08-11,1173.14
2022-07-20,64,2022-09-21,970.39
2022-07-21,61,2022-09-19,975.55
2022-07-22,60,2022-09-19,975.55
2022-07-25,61,2022-09-23,960.94
2022-07-26,56,2022-09-19,975.55
2022-07-27,55,2022-09-19,975.55
2022-07-28,54,2022-09-19,975.55
2022-07-29,53,2022-09-19,975.55
2022-08-01,50,2022-09-19,975.55
2022-08-02,49,2022-09-19,975.55
2022-08-03,48,2022-09-19,975.55
2022-08-04,44,2022-09-16,998.52
2022-08-05,27,2022-08-31,1029.66
2022-08-08,24,2022-08-31,1029.66
2022-08-09,18,2022-08-26,1045.99
2022-08-10,22,2022-08-31,1029.66
2022-08-11,16,2022-08-26,1045.99
2022-08-12,20,2022-08-31,1029.66
2022-08-15,18,2022-09-01,1025.66
2022-08-16,31,2022-09-15,1000.08
2022-08-17,30,2022-09-15,1000.08
2022-08-18,14,2022-08-31,1029.66
2022-08-19,32,2022-09-19,975.55
2022-08-22,29,2022-09-19,975.55
2022-08-23,28,2022-09-19,975.55
2022-08-24,31,2022-09-23,960.94
2022-08-25,37,2022-09-30,939.38
2022-08-26,36,2022-09-30,939.38
2022-08-29,33,2022-09-30,939.38
2022-08-30,32,2022-09-30,939.38
2022-08-31,41,2022-10-10,897.34
2022-09-01,40,2022-10-10,897.34
2022-09-02,39,2022-10-10,897.34
2022-09-05,36,2022-10-10,897.34
2022-09-06,35,2022-10-10,897.34
2022-09-07,24,2022-09-30,939.38
2022-09-08,33,2022-10-10,897.34
2022-09-09,32,2022-10-10,897.34
2022-09-13,28,2022-10-10,897.34
2022-09-14,27,2022-10-10,897.34
2022-09-15,26,2022-10-10,897.34
2022-09-16,25,2022-10-10,897.34
2022-09-19,194,2023-03-31,1081.54
2022-09-20,196,2023-04-03,1126.49
2022-09-21,45,2022-11-04,1072.87
2022-09-22,191,2023-03-31,1081.54
2022-09-23,43,2022-11-04,1072.87
2022-09-26,40,2022-11-04,1072.87
2022-09-27,186,2023-03-31,1081.54
2022-09-28,38,2022-11-04,1072.87
2022-09-29,37,2022-11-04,1072.87
2022-09-30,34,2022-11-02,1037.18
2022-10-10,17,2022-10-26,1003.25
2022-10-11,16,2022-10-26,1003.25
2022-10-12,21,2022-11-01,1024.52
2022-10-13,20,2022-11-01,1024.52
2022-10-14,22,2022-11-04,1072.87
2022-10-17,19,2022-11-04,1072.87
2022-10-18,18,2022-11-04,1072.87
2022-10-19,16,2022-11-03,1048.07
2022-10-20,16,2022-11-04,1072.87
2022-10-21,15,2022-11-04,1072.87
2022-10-24,12,2022-11-04,1072.87
2022-10-25,11,2022-11-04,1072.87
2022-10-26,160,2023-04-03,1126.49
2022-10-27,159,2023-04-03,1126.49
2022-10-28,158,2023-04-03,1126.49
2022-10-31,155,2023-04-03,1126.49
2022-11-01,53,2022-12-23,920.35
2022-11-02,51,2022-12-22,930.80
2022-11-03,49,2022-12-21,940.84
2022-11-04,46,2022-12-19,956.19
2022-11-07,44,2022-12-20,952.77
2022-11-08,44,2022-12-21,940.84
2022-11-09,44,2022-12-22,930.80
2022-11-10,44,2022-12-23,920.35
2022-11-11,43,2022-12-23,920.35
2022-11-14,40,2022-12-23,920.35
2022-11-15,37,2022-12-21,940.84
2022-11-16,37,2022-12-22,930.80
2022-11-17,36,2022-12-22,930.80
2022-11-18,36,2022-12-23,920.35
2022-11-21,33,2022-12-23,920.35
2022-11-22,133,2023-04-03,1126.49
2022-11-23,132,2023-04-03,1126.49
2022-11-24,131,2023-04-03,1126.49
2022-11-25,130,2023-04-03,1126.49
2022-11-28,127,2023-04-03,1126.49
2022-11-29,126,2023-04-03,1126.49
2022-11-30,125,2023-04-03,1126.49
2022-12-01,124,2023-04-03,1126.49
2022-12-02,123,2023-04-03,1126.49
2022-12-05,120,2023-04-03,1126.49
2022-12-06,119,2023-04-03,1126.49
2022-12-07,118,2023-04-03,1126.49
2022-12-08,117,2023-04-03,1126.49
2022-12-09,116,2023-04-03,1126.49
2022-12-12,113,2023-04-03,1126.49
2022-12-13,112,2023-04-03,1126.49
2022-12-14,111,2023-04-03,1126.49
2022-12-15,110,2023-04-03,1126.49
2022-12-16,106,2023-03-31,1081.54
2022-12-19,95,2023-03-23,1058.99
2022-12-20,94,2023-03-23,1058.99
2022-12-21,51,2023-02-09,1036.86
2022-12-22,30,2023-01-20,1029.14
2022-12-23,28,2023-01-19,1023.65
2022-12-26,88,2023-03-23,1058.99
2022-12-27,88,2023-03-24,1060.99
2022-12-28,86,2023-03-23,1058.99
2022-12-29,85,2023-03-23,1058.99
2022-12-30,84,2023-03-23,1058.99
2023-01-03,88,2023-03-31,1081.54
2023-01-04,87,2023-03-31,1081.54
2023-01-05,89,2023-04-03,1126.49
2023-01-06,88,2023-04-03,1126.49
2023-01-09,85,2023-04-03,1126.49
2023-01-10,84,2023-04-03,1126.49
2023-01-11,80,2023-03-31,1081.54
2023-01-12,79,2023-03-31,1081.54
2023-01-13,78,2023-03-31,1081.54
2023-01-16,78,2023-04-03,1126.49
2023-01-17,77,2023-04-03,1126.49
2023-01-18,76,2023-04-03,1126.49
2023-01-19,75,2023-04-03,1126.49
2023-01-20,77,2023-04-06,1146.96
2023-01-30,67,2023-04-06,1146.96
2023-01-31,63,2023-04-03,1126.49
2023-02-01,63,2023-04-04,1129.08
2023-02-02,64,2023-04-06,1146.96
2023-02-03,63,2023-04-06,1146.96
2023-02-06,58,2023-04-04,1129.08
2023-02-07,56,2023-04-03,1126.49
2023-02-08,55,2023-04-03,1126.49
2023-02-09,57,2023-04-06,1146.96
2023-02-10,54,2023-04-04,1129.08
2023-02-13,50,2023-04-03,1126.49
2023-02-14,49,2023-04-03,1126.49
2023-02-15,49,2023-04-04,1129.08
2023-02-16,47,2023-04-03,1126.49
2023-02-17,46,2023-04-03,1126.49
2023-02-20,43,2023-04-03,1126.49
2023-02-21,42,2023-04-03,1126.49
2023-02-22,41,2023-04-03,1126.49
2023-02-23,40,2023-04-03,1126.49
2023-02-24,39,2023-04-03,1126.49
2023-02-27,36,2023-04-03,1126.49
2023-02-28,35,2023-04-03,1126.49
2023-03-01,34,2023-04-03,1126.49
2023-03-02,33,2023-04-03,1126.49
2023-03-03,32,2023-04-03,1126.49
2023-03-06,29,2023-04-03,1126.49
2023-03-07,28,2023-04-03,1126.49
2023-03-08,27,2023-04-03,1126.49
2023-03-09,26,2023-04-03,1126.49
2023-03-10,25,2023-04-03,1126.49
2023-03-13,22,2023-04-03,1126.49
2023-03-14,21,2023-04-03,1126.49
2023-03-15,20,2023-04-03,1126.49
2023-03-16,19,2023-04-03,1126.49
2023-03-17,18,2023-04-03,1126.49
2023-03-20,16,2023-04-04,1129.08
2023-03-21,17,2023-04-06,1146.96
2023-03-22,16,2023-04-06,1146.96
2023-03-23,29,2023-04-20,1164.95
2023-03-24,123,2023-07-24,950.55
2023-03-27,25,2023-04-20,1164.95
2023-03-28,10,2023-04-06,1146.96
2023-03-29,115,2023-07-21,955.55
2023-03-30,114,2023-07-21,955.55
2023-03-31,112,2023-07-20,961.13
2023-04-03,52,2023-05-24,1011.77
2023-04-04,39,2023-05-12,1014.11
2023-04-06,35,2023-05-10,1025.71
2023-04-07,33,2023-05-09,1034.21
2023-04-10,33,2023-05-12,1014.11
2023-04-11,59,2023-06-08,1007.12
2023-04-12,31,2023-05-12,1014.11
2023-04-13,91,2023-07-12,984.98
2023-04-14,29,2023-05-12,1014.11
2023-04-17,24,2023-05-10,1025.71
2023-04-18,25,2023-05-12,1014.11
2023-04-19,24,2023-05-12,1014.11
2023-04-20,20,2023-05-09,1034.21
2023-04-21,70,2023-06-29,1001.46
2023-04-24,80,2023-07-12,984.98
2023-04-25,87,2023-07-20,961.13
2023-04-26,86,2023-07-20,961.13
2023-04-27,85,2023-07-20,961.13
2023-04-28,83,2023-07-19,975.11
2023-05-04,79,2023-07-21,955.55
2023-05-05,99,2023-08-11,938.77
2023-05-08,78,2023-07-24,950.55
2023-05-09,98,2023-08-14,930.50
2023-05-10,98,2023-08-15,917.45
2023-05-11,97,2023-08-15,917.45
2023-05-12,97,2023-08-16,901.79
2023-05-15,93,2023-08-15,917.45
2023-05-16,92,2023-08-15,917.45
2023-05-17,91,2023-08-15,917.45
2023-05-18,89,2023-08-14,930.50
2023-05-19,88,2023-08-14,930.50
2023-05-22,86,2023-08-15,917.45
2023-05-23,86,2023-08-16,901.79
2023-05-24,85,2023-08-16,901.79
2023-05-25,83,2023-08-15,917.45
2023-05-26,81,2023-08-14,930.50
2023-05-29,79,2023-08-15,917.45
2023-05-30,74,2023-08-11,938.77
2023-05-31,73,2023-08-11,938.77
2023-06-01,72,2023-08-11,938.77
2023-06-02,71,2023-08-11,938.77
2023-06-05,68,2023-08-11,938.77
2023-06-06,71,2023-08-15,917.45
2023-06-07,71,2023-08-16,901.79
2023-06-08,70,2023-08-16,901.79
2023-06-09,68,2023-08-15,917.45
2023-06-12,65,2023-08-15,917.45
2023-06-13,63,2023-08-14,930.50
2023-06-14,62,2023-08-14,930.50
2023-06-15,62,2023-08-15,917.45
2023-06-16,57,2023-08-11,938.77
2023-06-19,54,2023-08-11,938.77
2023-06-20,53,2023-08-11,938.77
2023-06-21,56,2023-08-15,917.45
2023-06-26,52,2023-08-16,901.79
2023-06-27,51,2023-08-16,901.79
2023-06-28,50,2023-08-16,901.79
2023-06-29,54,2023-08-21,892.09
2023-06-30,48,2023-08-16,901.79
2023-07-03,45,2023-08-16,901.79
2023-07-04,44,2023-08-16,901.79
2023-07-05,43,2023-08-16,901.79
2023-07-06,42,2023-08-16,901.79
2023-07-07,46,2023-08-21,892.09
2023-07-10,43,2023-08-21,892.09
2023-07-11,42,2023-08-21,892.09
2023-07-12,43,2023-08-23,879.46
2023-07-13,40,2023-08-21,892.09
2023-07-14,39,2023-08-21,892.09
2023-07-17,38,2023-08-23,879.46
2023-07-18,37,2023-08-23,879.46
2023-07-19,38,2023-08-25,870.40
2023-07-20,64,2023-09-21,860.39
2023-07-21,95,2023-10-23,840.14
2023-07-24,92,2023-10-23,840.14
2023-07-25,58,2023-09-20,866.02
2023-07-26,58,2023-09-21,860.39
2023-07-27,89,2023-10-23,840.14
2023-07-28,55,2023-09-20,866.02
2023-07-31,26,2023-08-25,870.40
2023-08-01,25,2023-08-25,870.40
2023-08-02,24,2023-08-25,870.40
2023-08-03,23,2023-08-25,870.40
2023-08-04,22,2023-08-25,870.40
2023-08-07,19,2023-08-25,870.40
2023-08-08,44,2023-09-20,866.02
2023-08-09,44,2023-09-21,860.39
2023-08-10,43,2023-09-21,860.39
2023-08-11,74,2023-10-23,840.14
2023-08-14,129,2023-12-20,835.71
2023-08-15,134,2023-12-26,825.26
2023-08-16,143,2024-01-05,807.73
2023-08-17,142,2024-01-05,807.73
2023-08-18,141,2024-01-05,807.73
2023-08-21,141,2024-01-08,784.43
2023-08-22,137,2024-01-05,807.73
2023-08-23,139,2024-01-08,784.43
2023-08-24,138,2024-01-08,784.43
2023-08-25,138,2024-01-09,782.93
2023-08-28,134,2024-01-08,784.43
2023-08-29,129,2024-01-04,823.85
2023-08-30,55,2023-10-23,840.14
2023-08-31,54,2023-10-23,840.14
2023-09-01,53,2023-10-23,840.14
2023-09-04,50,2023-10-23,840.14
2023-09-05,107,2023-12-20,835.71
2023-09-06,48,2023-10-23,840.14
2023-09-07,121,2024-01-05,807.73
2023-09-08,120,2024-01-05,807.73
2023-09-11,117,2024-01-05,807.73
2023-09-12,116,2024-01-05,807.73
2023-09-13,118,2024-01-08,784.43
2023-09-14,117,2024-01-08,784.43
2023-09-15,116,2024-01-08,784.43
2023-09-18,113,2024-01-08,784.43
2023-09-19,112,2024-01-08,784.43
2023-09-20,113,2024-01-10,777.15
2023-09-21,117,2024-01-15,773.41
2023-09-22,109,2024-01-08,784.43
2023-09-25,106,2024-01-08,784.43
2023-09-26,105,2024-01-08,784.43
2023-09-27,104,2024-01-08,784.43
2023-09-28,103,2024-01-08,784.43
2023-10-09,92,2024-01-08,784.43
2023-10-10,91,2024-01-08,784.43
2023-10-11,90,2024-01-08,784.43
2023-10-12,86,2024-01-05,807.73
2023-10-13,88,2024-01-08,784.43
2023-10-16,85,2024-01-08,784.43
2023-10-17,84,2024-01-08,784.43
2023-10-18,85,2024-01-10,777.15
2023-10-19,83,2024-01-09,782.93
2023-10-20,88,2024-01-15,773.41
2023-10-23,92,2024-01-22,742.23
2023-10-24,86,2024-01-17,757.04
2023-10-25,85,2024-01-17,757.04
2023-10-26,84,2024-01-17,757.04
2023-10-27,81,2024-01-15,773.41
2023-10-30,71,2024-01-08,784.43
2023-10-31,70,2024-01-08,784.43
2023-11-01,71,2024-01-10,777.15
2023-11-02,75,2024-01-15,773.41
2023-11-03,67,2024-01-08,784.43
2023-11-06,64,2024-01-08,784.43
2023-11-07,63,2024-01-08,784.43
2023-11-08,59,2024-01-05,807.73
2023-11-09,61,2024-01-08,784.43
2023-11-10,60,2024-01-08,784.43
2023-11-13,57,2024-01-08,784.43
2023-11-14,53,2024-01-05,807.73
2023-11-15,52,2024-01-05,807.73
2023-11-16,54,2024-01-08,784.43
2023-11-17,53,2024-01-08,784.43
2023-11-20,50,2024-01-08,784.43
2023-11-21,49,2024-01-08,784.43
2023-11-22,49,2024-01-09,782.93
2023-11-23,47,2024-01-08,784.43
2023-11-24,48,2024-01-10,777.15
2023-11-27,45,2024-01-10,777.15
2023-11-28,42,2024-01-08,784.43
2023-11-29,48,2024-01-15,773.41
2023-11-30,42,2024-01-10,777.15
2023-12-01,41,2024-01-10,777.15
2023-12-04,43,2024-01-15,773.41
2023-12-05,44,2024-01-17,757.04
2023-12-06,43,2024-01-17,757.04
2023-12-07,42,2024-01-17,757.04
2023-12-08,34,2024-01-10,777.15
2023-12-11,29,2024-01-08,784.43
2023-12-12,29,2024-01-09,782.93
2023-12-13,34,2024-01-15,773.41
2023-12-14,35,2024-01-17,757.04
2023-12-15,34,2024-01-17,757.04
2023-12-18,36,2024-01-22,742.23
2023-12-19,30,2024-01-17,757.04
2023-12-20,34,2024-01-22,742.23
2023-12-21,28,2024-01-17,757.04
2023-12-22,27,2024-01-17,757.04
2023-12-25,29,2024-01-22,742.23
2023-12-26,28,2024-01-22,742.23
2023-12-27,27,2024-01-22,742.23
2023-12-28,21,2024-01-17,757.04
2023-12-29,20,2024-01-17,757.04
2024-01-02,21,2024-01-22,742.23
2024-01-03,20,2024-01-22,742.23
2024-01-04,26,2024-01-29,725.31
2024-01-05,25,2024-01-29,725.31
2024-01-08,23,2024-01-30,697.85
2024-01-09,22,2024-01-30,697.85
2024-01-10,21,2024-01-30,697.85
2024-01-11,20,2024-01-30,697.85
2024-01-12,19,2024-01-30,697.85
2024-01-15,17,2024-01-31,684.85
2024-01-16,15,2024-01-30,697.85
2024-01-17,17,2024-02-02,673.41
2024-01-18,14,2024-01-31,684.85
2024-01-19,13,2024-01-31,684.85
2024-01-22,43,2024-03-04,818.51
2024-01-23,11,2024-02-02,673.41
2024-01-24,10,2024-02-02,673.41
2024-01-25,7,2024-01-31,684.85
2024-01-26,53,2024-03-18,825.40
2024-01-29,32,2024-02-29,807.71
2024-01-30,28,2024-02-26,768.49
2024-01-31,20,2024-02-19,763.32
2024-02-01,19,2024-02-19,763.32
2024-02-02,6,2024-02-07,743.42
2024-02-05,4,2024-02-08,751.50
2024-02-06,22,2024-02-27,796.91
2024-02-07,27,2024-03-04,818.51
2024-02-08,202,2024-08-27,674.35
2024-02-19,186,2024-08-22,685.53
2024-02-20,190,2024-08-27,674.35
2024-02-21,189,2024-08-27,674.35
2024-02-22,183,2024-08-22,685.53
2024-02-23,182,2024-08-22,685.53
2024-02-26,130,2024-07-04,690.38
2024-02-27,122,2024-06-27,715.36
2024-02-28,128,2024-07-04,690.38
2024-02-29,118,2024-06-25,717.75
2024-03-01,47,2024-04-16,733.15
2024-03-04,38,2024-04-10,735.73
2024-03-05,37,2024-04-10,735.73
2024-03-06,45,2024-04-19,730.56
2024-03-07,114,2024-06-28,712.08
2024-03-08,110,2024-06-25,717.75
2024-03-11,31,2024-04-10,735.73
2024-03-12,30,2024-04-10,735.73
2024-03-13,35,2024-04-16,733.15
2024-03-14,104,2024-06-25,717.75
2024-03-15,71,2024-05-24,727.21
2024-03-18,22,2024-04-08,740.67
2024-03-19,32,2024-04-19,730.56
2024-03-20,31,2024-04-19,730.56
2024-03-21,97,2024-06-25,717.75
2024-03-22,99,2024-06-28,712.08
2024-03-25,100,2024-07-02,699.12
2024-03-26,101,2024-07-04,690.38
2024-03-27,154,2024-08-27,674.35
2024-03-28,148,2024-08-22,685.53
2024-03-29,147,2024-08-22,685.53
2024-04-01,95,2024-07-04,690.38
2024-04-02,94,2024-07-04,690.38
2024-04-03,147,2024-08-27,674.35
2024-04-08,152,2024-09-06,662.34
2024-04-09,141,2024-08-27,674.35
2024-04-10,153,2024-09-09,654.94
2024-04-11,149,2024-09-06,662.34
2024-04-12,148,2024-09-06,662.34
2024-04-15,135,2024-08-27,674.35
2024-04-16,147,2024-09-09,654.94
2024-04-17,133,2024-08-27,674.35
2024-04-18,138,2024-09-02,670.01
2024-04-19,144,2024-09-09,654.94
2024-04-22,141,2024-09-09,654.94
2024-04-23,140,2024-09-09,654.94
2024-04-24,136,2024-09-06,662.34
2024-04-25,138,2024-09-09,654.94
2024-04-26,124,2024-08-27,674.35
2024-04-29,67,2024-07-04,690.38
2024-04-30,66,2024-07-04,690.38
2024-05-06,58,2024-07-02,699.12
2024-05-07,59,2024-07-04,690.38
2024-05-08,111,2024-08-26,682.50
2024-05-09,55,2024-07-02,699.12
2024-05-10,56,2024-07-04,690.38
2024-05-13,102,2024-08-22,685.53
2024-05-14,105,2024-08-26,682.50
2024-05-15,105,2024-08-27,674.35
2024-05-16,105,2024-08-28,671.22
2024-05-17,103,2024-08-27,674.35
2024-05-20,100,2024-08-27,674.35
2024-05-21,100,2024-08-28,671.22
2024-05-22,98,2024-08-27,674.35
2024-05-23,107,2024-09-06,662.34
2024-05-24,118,2024-09-18,647.41
2024-05-27,103,2024-09-06,662.34
2024-05-28,105,2024-09-09,654.94
2024-05-29,104,2024-09-09,654.94
2024-05-30,100,2024-09-06,662.34
2024-05-31,99,2024-09-06,662.34
2024-06-03,86,2024-08-27,674.35
2024-06-04,85,2024-08-27,674.35
2024-06-05,84,2024-08-27,674.35
2024-06-06,93,2024-09-06,662.34
2024-06-07,92,2024-09-06,662.34
2024-06-11,78,2024-08-27,674.35
2024-06-12,77,2024-08-27,674.35
2024-06-13,75,2024-08-26,682.50
2024-06-14,75,2024-08-27,674.35
2024-06-17,72,2024-08-27,674.35
2024-06-18,71,2024-08-27,674.35
2024-06-19,70,2024-08-27,674.35
2024-06-20,69,2024-08-27,674.35
2024-06-21,67,2024-08-26,682.50
2024-06-24,75,2024-09-06,662.34
2024-06-25,91,2024-09-23,643.04
2024-06-26,76,2024-09-09,654.94
2024-06-27,89,2024-09-23,643.04
2024-06-28,95,2024-09-30,872.37
2024-07-01,92,2024-09-30,872.37
2024-07-02,91,2024-09-30,872.37
2024-07-03,90,2024-09-30,872.37
2024-07-04,89,2024-09-30,872.37
2024-07-05,88,2024-09-30,872.37
2024-07-08,85,2024-09-30,872.37
2024-07-09,84,2024-09-30,872.37
2024-07-10,83,2024-09-30,872.37
2024-07-11,75,2024-09-23,643.04
2024-07-12,74,2024-09-23,643.04
2024-07-15,71,2024-09-23,643.04
2024-07-16,56,2024-09-09,654.94
2024-07-17,55,2024-09-09,654.94
2024-07-18,54,2024-09-09,654.94
2024-07-19,40,2024-08-27,674.35
2024-07-22,37,2024-08-27,674.35
2024-07-23,58,2024-09-18,647.41
2024-07-24,69,2024-09-30,872.37
2024-07-25,68,2024-09-30,872.37
2024-07-26,55,2024-09-18,647.41
2024-07-29,64,2024-09-30,872.37
2024-07-30,63,2024-09-30,872.37
2024-07-31,38,2024-09-06,662.34
2024-08-01,37,2024-09-06,662.34
2024-08-02,48,2024-09-18,647.41
2024-08-05,57,2024-09-30,872.37
2024-08-06,56,2024-09-30,872.37
2024-08-07,55,2024-09-30,872.37
2024-08-08,54,2024-09-30,872.37
2024-08-09,53,2024-09-30,872.37
2024-08-12,50,2024-09-30,872.37
2024-08-13,49,2024-09-30,872.37
2024-08-14,48,2024-09-30,872.37
2024-08-15,47,2024-09-30,872.37
2024-08-16,46,2024-09-30,872.37
2024-08-19,43,2024-09-30,872.37
2024-08-20,42,2024-09-30,872.37
2024-08-21,41,2024-09-30,872.37
2024-08-22,40,2024-09-30,872.37
2024-08-23,39,2024-09-30,872.37
2024-08-26,36,2024-09-30,872.37
2024-08-27,35,2024-09-30,872.37
2024-08-28,31,2024-09-27,740.02
2024-08-29,33,2024-09-30,872.37
2024-08-30,32,2024-09-30,872.37
2024-09-02,26,2024-09-27,740.02
2024-09-03,28,2024-09-30,872.37
2024-09-04,24,2024-09-27,740.02
2024-09-05,23,2024-09-27,740.02
2024-09-06,22,2024-09-27,740.02
2024-09-09,19,2024-09-27,740.02
2024-09-10,18,2024-09-27,740.02
2024-09-11,17,2024-09-27,740.02
2024-09-12,16,2024-09-27,740.02
2024-09-13,15,2024-09-27,740.02
2024-09-18,10,2024-09-27,740.02
2024-09-19,9,2024-09-27,740.02
2024-09-20,8,2024-09-27,740.02
2024-09-23,5,2024-09-27,740.02
2024-09-24,4,2024-09-27,740.02
2024-09-25,3,2024-09-27,740.02
2024-09-26,5,2024-09-30,872.37
2024-09-27,4,2024-09-30,872.37
2024-09-30,9,2024-10-08,1023.97
2024-10-08,4,2024-10-11,898.90
2024-10-09,8,2024-10-16,875.69
2024-10-10,33,2024-11-11,1073.84
2024-10-11,11,2024-10-21,1000.37
2024-10-14,25,2024-11-07,1028.44
2024-10-15,7,2024-10-21,1000.37
2024-10-16,3,2024-10-18,978.66
2024-10-17,2,2024-10-18,978.66
2024-10-18,127,2025-02-21,1094.77
2024-10-21,128,2025-02-25,1102.90
2024-10-22,123,2025-02-21,1094.77
2024-10-23,122,2025-02-21,1094.77
2024-10-24,121,2025-02-21,1094.77
2024-10-25,120,2025-02-21,1094.77
2024-10-28,117,2025-02-21,1094.77
2024-10-29,14,2024-11-11,1073.84
2024-10-30,13,2024-11-11,1073.84
2024-10-31,12,2024-11-11,1073.84
2024-11-01,11,2024-11-11,1073.84
2024-11-04,8,2024-11-11,1073.84
2024-11-05,112,2025-02-24,1100.05
2024-11-06,111,2025-02-24,1100.05
2024-11-07,152,2025-04-07,924.17
2024-11-08,286,2025-08-20,1148.15
2024-11-11,15,2024-11-25,957.92
2024-11-12,53,2025-01-03,941.82
2024-11-13,14,2024-11-26,951.59
2024-11-14,145,2025-04-07,924.17
2024-11-15,99,2025-02-21,1094.77
2024-11-18,96,2025-02-21,1094.77
2024-11-19,98,2025-02-24,1100.05
2024-11-20,98,2025-02-25,1102.90
2024-11-21,98,2025-02-26,1126.82
2024-11-22,92,2025-02-21,1094.77
2024-11-25,89,2025-02-21,1094.77
2024-11-26,88,2025-02-21,1094.77
2024-11-27,87,2025-02-21,1094.77
2024-11-28,86,2025-02-21,1094.77
2024-11-29,90,2025-02-26,1126.82
2024-12-02,87,2025-02-26,1126.82
2024-12-03,86,2025-02-26,1126.82
2024-12-04,83,2025-02-24,1100.05
2024-12-05,83,2025-02-25,1102.90
2024-12-06,83,2025-02-26,1126.82
2024-12-09,80,2025-02-26,1126.82
2024-12-10,79,2025-02-26,1126.82
2024-12-11,78,2025-02-26,1126.82
2024-12-12,77,2025-02-26,1126.82
2024-12-13,71,2025-02-21,1094.77
2024-12-16,68,2025-02-21,1094.77
2024-12-17,67,2025-02-21,1094.77
2024-12-18,66,2025-02-21,1094.77
2024-12-19,65,2025-02-21,1094.77
2024-12-20,69,2025-02-26,1126.82
2024-12-23,64,2025-02-24,1100.05
2024-12-24,65,2025-02-26,1126.82
2024-12-25,64,2025-02-26,1126.82
2024-12-26,103,2025-04-07,924.17
2024-12-27,62,2025-02-26,1126.82
2024-12-30,59,2025-02-26,1126.82
2024-12-31,53,2025-02-21,1094.77
2025-01-02,51,2025-02-21,1094.77
2025-01-03,39,2025-02-10,1036.77
2025-01-06,36,2025-02-10,1036.77
2025-01-07,46,2025-02-21,1094.77
2025-01-08,45,2025-02-21,1094.77
2025-01-09,44,2025-02-21,1094.77
2025-01-10,43,2025-02-21,1094.77
2025-01-13,40,2025-02-21,1094.77
2025-01-14,39,2025-02-21,1094.77
2025-01-15,38,2025-02-21,1094.77
2025-01-16,37,2025-02-21,1094.77
2025-01-17,36,2025-02-21,1094.77
2025-01-20,33,2025-02-21,1094.77
2025-01-21,32,2025-02-21,1094.77
2025-01-22,31,2025-02-21,1094.77
2025-01-23,30,2025-02-21,1094.77
2025-01-24,29,2025-02-21,1094.77
2025-01-27,26,2025-02-21,1094.77
2025-02-05,17,2025-02-21,1094.77
2025-02-06,21,2025-02-26,1126.82
2025-02-07,20,2025-02-26,1126.82
2025-02-10,57,2025-04-07,924.17
2025-02-11,191,2025-08-20,1148.15
2025-02-12,55,2025-04-07,924.17
2025-02-13,14,2025-02-26,1126.82
2025-02-14,13,2025-02-26,1126.82
2025-02-17,50,2025-04-07,924.17
2025-02-18,9,2025-02-26,1126.82
2025-02-19,48,2025-04-07,924.17
2025-02-20,47,2025-04-07,924.17
2025-02-21,46,2025-04-07,924.17
2025-02-24,43,2025-04-07,924.17
2025-02-25,42,2025-04-07,924.17
2025-02-26,41,2025-04-07,924.17
2025-02-27,40,2025-04-07,924.17
2025-02-28,39,2025-04-07,924.17
2025-03-03,36,2025-04-07,924.17
2025-03-04,35,2025-04-07,924.17
2025-03-05,34,2025-04-07,924.17
2025-03-06,33,2025-04-07,924.17
2025-03-07,32,2025-04-07,924.17
2025-03-10,29,2025-04-07,924.17
2025-03-11,28,2025-04-07,924.17
2025-03-12,27,2025-04-07,924.17
2025-03-13,26,2025-04-07,924.17
2025-03-14,25,2025-04-07,924.17
2025-03-17,22,2025-04-07,924.17
2025-03-18,21,2025-04-07,924.17
2025-03-19,20,2025-04-07,924.17
2025-03-20,19,2025-04-07,924.17
2025-03-21,18,2025-04-07,924.17
2025-03-24,15,2025-04-07,924.17
2025-03-25,14,2025-04-07,924.17
2025-03-26,13,2025-04-07,924.17
2025-03-27,12,2025-04-07,924.17
2025-03-28,11,2025-04-07,924.17
2025-03-31,143,2025-08-20,1148.15
2025-04-01,142,2025-08-20,1148.15
2025-04-02,141,2025-08-20,1148.15
2025-04-03,138,2025-08-18,1124.82
2025-04-07,11,2025-04-17,1016.81
2025-04-08,109,2025-07-25,1054.20
2025-04-09,128,2025-08-14,1085.74
2025-04-10,128,2025-08-15,1101.29
2025-04-11,130,2025-08-18,1124.82
2025-04-14,127,2025-08-18,1124.82
2025-04-15,126,2025-08-18,1124.82
2025-04-16,125,2025-08-18,1124.82
2025-04-17,124,2025-08-18,1124.82
2025-04-18,123,2025-08-18,1124.82
2025-04-21,120,2025-08-18,1124.82
2025-04-22,119,2025-08-18,1124.82
2025-04-23,118,2025-08-18,1124.82
2025-04-24,117,2025-08-18,1124.82
2025-04-25,116,2025-08-18,1124.82
2025-04-28,113,2025-08-18,1124.82
2025-04-29,112,2025-08-18,1124.82
2025-04-30,111,2025-08-18,1124.82
2025-05-06,107,2025-08-20,1148.15
2025-05-07,106,2025-08-20,1148.15
2025-05-08,105,2025-08-20,1148.15
2025-05-09,102,2025-08-18,1124.82
2025-05-12,99,2025-08-18,1124.82
2025-05-13,98,2025-08-18,1124.82
2025-05-14,97,2025-08-18,1124.82
2025-05-15,93,2025-08-15,1101.29
2025-05-16,92,2025-08-15,1101.29
2025-05-19,89,2025-08-15,1101.29
2025-05-20,88,2025-08-15,1101.29
2025-05-21,87,2025-08-15,1101.29
2025-05-22,86,2025-08-15,1101.29
2025-05-23,84,2025-08-14,1085.74
2025-05-26,81,2025-08-14,1085.74
2025-05-27,64,2025-07-29,1070.45
2025-05-28,63,2025-07-29,1070.45
2025-05-29,78,2025-08-14,1085.74
2025-05-30,76,2025-08-13,1077.70
2025-06-03,73,2025-08-14,1085.74
2025-06-04,72,2025-08-14,1085.74
2025-06-05,72,2025-08-15,1101.29
2025-06-06,71,2025-08-15,1101.29
2025-06-09,68,2025-08-15,1101.29
2025-06-10,66,2025-08-14,1085.74
2025-06-11,65,2025-08-14,1085.74
2025-06-12,63,2025-08-13,1077.70
2025-06-13,47,2025-07-29,1070.45
2025-06-16,44,2025-07-29,1070.45
2025-06-17,43,2025-07-29,1070.45
2025-06-18,42,2025-07-29,1070.45
2025-06-19,41,2025-07-29,1070.45
2025-06-20,36,2025-07-25,1054.20
2025-06-23,37,2025-07-29,1070.45
2025-06-24,51,2025-08-13,1077.70
2025-06-25,52,2025-08-15,1101.29
2025-06-26,51,2025-08-15,1101.29
2025-06-27,50,2025-08-15,1101.29
2025-06-30,50,2025-08-18,1124.82
2025-07-01,46,2025-08-15,1101.29
2025-07-02,44,2025-08-14,1085.74
2025-07-03,43,2025-08-14,1085.74
2025-07-04,42,2025-08-14,1085.74
2025-07-07,38,2025-08-13,1077.70
2025-07-08,39,2025-08-15,1101.29
2025-07-09,37,2025-08-14,1085.74
2025-07-10,36,2025-08-14,1085.74
2025-07-11,36,2025-08-15,1101.29
2025-07-14,33,2025-08-15,1101.29
2025-07-15,32,2025-08-15,1101.29
2025-07-16,31,2025-08-15,1101.29
2025-07-17,33,2025-08-18,1124.82
2025-07-18,32,2025-08-18,1124.82
2025-07-21,29,2025-08-18,1124.82
2025-07-22,28,2025-08-18,1124.82
2025-07-23,27,2025-08-18,1124.82
2025-07-24,28,2025-08-20,1148.15
2025-07-25,29,2025-08-22,1247.86
2025-07-28,26,2025-08-22,1247.86
2025-07-29,25,2025-08-22,1247.86
2025-07-30,24,2025-08-22,1247.86
2025-07-31,23,2025-08-22,1247.86
2025-08-01,20,2025-08-20,1148.15
2025-08-04,19,2025-08-22,1247.86
2025-08-05,18,2025-08-22,1247.86
2025-08-06,17,2025-08-22,1247.86
2025-08-07,16,2025-08-22,1247.86
2025-08-08,13,2025-08-20,1148.15
2025-08-11,12,2025-08-22,1247.86
2025-08-12,11,2025-08-22,1247.86
2025-08-13,10,2025-08-22,1247.86
2025-08-14,9,2025-08-22,1247.86
2025-08-15,8,2025-08-22,1247.86
2025-08-18,5,2025-08-22,1247.86
2025-08-19,4,2025-08-22,1247.86
2025-08-20,6,2025-08-25,1287.73
2025-08-21,5,2025-08-25,1287.73
2025-08-22,28,2025-09-18,1380.35
2025-08-25,31,2025-09-24,1456.47
2025-08-26,28,2025-09-22,1408.64
2025-08-27,27,2025-09-22,1408.64
2025-08-28,8,2025-09-04,1226.98
2025-08-29,33,2025-09-30,1495.29
2025-09-01,30,2025-09-30,1495.29
2025-09-02,24,2025-09-25,1474.49
2025-09-03,22,2025-09-24,1456.47
2025-09-04,13,2025-09-16,1358.05
2025-09-05,18,2025-09-22,1408.64
2025-09-08,15,2025-09-22,1408.64
2025-09-09,9,2025-09-17,1370.43
2025-09-10,13,2025-09-22,1408.64
2025-09-11,15,2025-09-25,1474.49
2025-09-12,14,2025-09-25,1474.49
2025-09-15,11,2025-09-25,1474.49
2025-09-16,15,2025-09-30,1495.29
2025-09-17,23,2025-10-09,1539.08
2025-09-18,22,2025-10-09,1539.08
2025-09-19,21,2025-10-09,1539.08
2025-09-22,124,2026-01-23,1553.71
2025-09-23,123,2026-01-23,1553.71
2025-09-24,59,2025-11-21,1285.83
2025-09-25,58,2025-11-21,1285.83
2025-09-26,57,2025-11-21,1285.83
2025-09-29,54,2025-11-21,1285.83
2025-09-30,51,2025-11-19,1344.80
2025-10-09,9,2025-10-17,1363.17
2025-10-10,43,2025-11-21,1285.83
2025-10-13,40,2025-11-21,1285.83
2025-10-14,102,2026-01-23,1553.71
2025-10-15,38,2025-11-21,1285.83
2025-10-16,159,2026-03-23,1261.44
2025-10-17,88,2026-01-12,1511.84
2025-10-20,85,2026-01-12,1511.84
2025-10-21,95,2026-01-23,1553.71
2025-10-22,94,2026-01-23,1553.71
2025-10-23,92,2026-01-22,1541.64
2025-10-24,29,2025-11-21,1285.83
2025-10-27,25,2025-11-20,1328.19
2025-10-28,25,2025-11-21,1285.83
2025-10-29,23,2025-11-20,1328.19
2025-10-30,23,2025-11-21,1285.83
2025-10-31,144,2026-03-23,1261.44
2025-11-03,81,2026-01-22,1541.64
2025-11-04,79,2026-01-21,1535.39
2025-11-05,78,2026-01-21,1535.39
2025-11-06,16,2025-11-21,1285.83
2025-11-07,137,2026-03-23,1261.44
2025-11-10,75,2026-01-23,1553.71
2025-11-11,72,2026-01-21,1535.39
2025-11-12,71,2026-01-21,1535.39
2025-11-13,71,2026-01-22,1541.64
2025-11-14,60,2026-01-12,1511.84
2025-11-17,57,2026-01-12,1511.84
2025-11-18,56,2026-01-12,1511.84
2025-11-19,55,2026-01-12,1511.84
2025-11-20,51,2026-01-09,1475.97
2025-11-21,47,2026-01-06,1429.30
2025-11-24,44,2026-01-06,1429.30
2025-11-25,44,2026-01-07,1443.39
2025-11-26,44,2026-01-08,1455.17
2025-11-27,42,2026-01-07,1443.39
2025-11-28,43,2026-01-09,1475.97
2025-12-01,40,2026-01-09,1475.97
2025-12-02,38,2026-01-08,1455.17
2025-12-03,36,2026-01-07,1443.39
2025-12-04,37,2026-01-09,1475.97
2025-12-05,36,2026-01-09,1475.97
2025-12-08,36,2026-01-12,1511.84
2025-12-09,35,2026-01-12,1511.84
2025-12-10,34,2026-01-12,1511.84
2025-12-11,30,2026-01-09,1475.97
2025-12-12,32,2026-01-12,1511.84
2025-12-15,25,2026-01-08,1455.17
2025-12-16,22,2026-01-06,1429.30
2025-12-17,24,2026-01-09,1475.97
2025-12-18,21,2026-01-07,1443.39
2025-12-19,20,2026-01-07,1443.39
2025-12-22,19,2026-01-09,1475.97
2025-12-23,18,2026-01-09,1475.97
2025-12-24,20,2026-01-12,1511.84
2025-12-25,19,2026-01-12,1511.84
2025-12-26,18,2026-01-12,1511.84
2025-12-29,15,2026-01-12,1511.84
2025-12-30,14,2026-01-12,1511.84
2025-12-31,13,2026-01-12,1511.84
2026-01-05,19,2026-01-23,1553.71
2026-01-06,77,2026-03-23,1261.44
2026-01-07,76,2026-03-23,1261.44
2026-01-08,75,2026-03-23,1261.44
2026-01-09,71,2026-03-20,1318.31
2026-01-12,65,2026-03-17,1354.15
2026-01-13,67,2026-03-20,1318.31
2026-01-14,65,2026-03-19,1339.03
2026-01-15,64,2026-03-19,1339.03
2026-01-16,61,2026-03-17,1354.15
2026-01-19,58,2026-03-17,1354.15
2026-01-20,60,2026-03-20,1318.31
2026-01-21,43,2026-03-04,1381.56
2026-01-22,42,2026-03-04,1381.56
2026-01-23,40,2026-03-03,1388.41
2026-01-26,47,2026-03-13,1373.64
2026-01-27,36,2026-03-03,1388.41
2026-01-28,35,2026-03-03,1388.41
2026-01-29,48,2026-03-17,1354.15
2026-01-30,47,2026-03-17,1354.15
2026-02-02,50,2026-03-23,1261.44
2026-02-03,46,2026-03-20,1318.31
2026-02-04,48,2026-03-23,1261.44
2026-02-05,47,2026-03-23,1261.44
2026-02-06,46,2026-03-23,1261.44
2026-02-09,43,2026-03-23,1261.44
2026-02-10,39,2026-03-20,1318.31
2026-02-11,41,2026-03-23,1261.44
2026-02-12,37,2026-03-20,1318.31
2026-02-13,36,2026-03-20,1318.31
2026-02-24,25,2026-03-20,1318.31
2026-02-25,24,2026-03-20,1318.31
2026-02-26,23,2026-03-20,1318.31
2026-02-27,21,2026-03-19,1339.03
2026-03-02,22,2026-03-23,1261.44
2026-03-03,59,2026-04-30,1571.07
2026-03-04,58,2026-04-30,1571.07
2026-03-05,19,2026-03-23,1261.44
2026-03-06,18,2026-03-23,1261.44
2026-03-09,53,2026-04-30,1571.07
2026-03-10,14,2026-03-23,1261.44
2026-03-11,21,2026-03-31,1256.33
2026-03-12,50,2026-04-30,1571.07
2026-03-13,49,2026-04-30,1571.07
2026-03-16,46,2026-04-30,1571.07
2026-03-17,42,2026-04-27,1508.38
2026-03-18,44,2026-04-30,1571.07
2026-03-19,40,2026-04-27,1508.38
2026-03-20,32,2026-04-20,1450.52
2026-03-23,23,2026-04-14,1405.07
2026-03-24,24,2026-04-16,1422.23
2026-03-25,27,2026-04-20,1450.52
2026-03-26,22,2026-04-16,1422.23
2026-03-27,25,2026-04-20,1450.52
2026-03-30,18,2026-04-16,1422.23
2026-03-31,15,2026-04-14,1405.07
2026-04-01,20,2026-04-20,1450.52
2026-04-02,13,2026-04-14,1405.07
2026-04-03,12,2026-04-14,1405.07
2026-04-07,8,2026-04-14,1405.07
2026-04-08,20,2026-04-27,1508.38
2026-04-09,19,2026-04-27,1508.38
2026-04-10,18,2026-04-27,1508.38
2026-04-13,18,2026-04-30,1571.07
2026-04-14,17,2026-04-30,1571.07
2026-04-15,16,2026-04-30,1571.07
2026-04-16,15,2026-04-30,1571.07
2026-04-17,14,2026-04-30,1571.07
2026-04-20,17,2026-05-06,1656.95
2026-04-21,10,2026-04-30,1571.07
2026-04-22,15,2026-05-06,1656.95
2026-04-23,14,2026-05-06,1656.95
2026-04-24,13,2026-05-06,1656.95
2026-04-27,11,2026-05-07,1678.89
2026-04-28,9,2026-05-06,1656.95
2026-04-29,8,2026-05-06,1656.95
2026-04-30,14,2026-05-13,1770.15
2026-05-06,15,2026-05-20,1832.02
2026-05-07,19,2026-05-25,1896.04
2026-05-08,13,2026-05-20,1832.02
2026-05-11,15,2026-05-25,1896.04
2026-05-12,,,
2026-05-13,,,
2026-05-14,,,
2026-05-15,11,2026-05-25,1896.04
2026-05-18,8,2026-05-25,1896.04
2026-05-19,,,
2026-05-20,,,
2026-05-21,,,
2026-05-22,,,
2026-05-25,8,2026-06-01,1663.69
2026-05-26,7,2026-06-01,1663.69
2026-05-27,,,
2026-05-28,,,
2026-05-29,,,
2026-06-01,,,
2026-06-02,,,
2026-06-03,,,
