日期,委托时间,品种,标的,交易类型,下单类型,成交数量,成交价,成交额,委托数量,委托价格,平仓盈亏,手续费,状态,最后更新时间
2020-10-09,09:30:00,基金,50ETF(510050.XSHG),买,市价单,30000股,3.327,99810,30000股,-,0,14.97,全部成交,2020-10-09 09:30:00
2020-10-20,09:30:00,基金,50ETF(510050.XSHG),卖,市价单,-30000股,3.398,-101940,-30000股,-,2130,15.29,全部成交,2020-10-20 09:30:00
2020-10-20,09:30:00,基金,创业板ETF易方达(159915.XSHE),买,市价单,39300股,2.594,101944.2,39300股,-,0,15.29,全部成交,2020-10-20 09:30:00
2020-11-12,09:30:00,基金,创业板ETF易方达(159915.XSHE),卖,市价单,-39300股,2.602,-102258.6,-39300股,-,314.4,15.34,全部成交,2020-11-12 09:30:00
2020-11-12,09:30:00,基金,50ETF(510050.XSHG),买,市价单,29500股,3.465,102217.5,29500股,-,0,15.33,全部成交,2020-11-12 09:30:00
2020-12-21,09:30:00,基金,50ETF(510050.XSHG),卖,市价单,-29500股,3.506,-103427,-29500股,-,2714,15.51,全部成交,2020-12-21 09:30:00
2020-12-21,09:30:00,基金,创业板ETF易方达(159915.XSHE),买,市价单,39100股,2.687,105061.7,39100股,-,0,15.76,全部成交,2020-12-21 09:30:00
2021-02-09,09:30:00,基金,创业板ETF易方达(159915.XSHE),卖,市价单,-39100股,3.171,-123986.1,-39100股,-,18924.4,18.6,全部成交,2021-02-09 09:30:00
2021-02-09,09:30:00,基金,纳指ETF(513100.XSHG),买,市价单,27200股,4.549,123732.8,27200股,-,0,18.56,全部成交,2021-02-09 09:30:00
2021-02-10,09:30:00,基金,纳指ETF(513100.XSHG),卖,市价单,-27200股,4.538,-123433.6,-27200股,-,-299.2,18.52,全部成交,2021-02-10 09:30:00
2021-02-10,09:30:00,基金,创业板ETF易方达(159915.XSHE),买,市价单,38200股,3.23,123386,38200股,-,0,18.51,全部成交,2021-02-10 09:30:00
2021-02-22,09:30:00,基金,创业板ETF易方达(159915.XSHE),卖,市价单,-38200股,3.156,-120559.2,-38200股,-,-2826.8,18.08,全部成交,2021-02-22 09:30:00
2021-02-22,09:30:00,基金,纳指ETF(513100.XSHG),买,市价单,26600股,4.524,120338.4,26600股,-,0,18.05,全部成交,2021-02-22 09:30:00
2021-03-04,09:30:00,基金,纳指ETF(513100.XSHG),卖,市价单,-26600股,4.265,-113449,-26600股,-,-6889.4,17.02,全部成交,2021-03-04 09:30:00
2021-03-04,09:30:00,基金,50ETF(510050.XSHG),买,市价单,30200股,3.765,113703,30200股,-,0,17.06,全部成交,2021-03-04 09:30:00
2021-03-10,09:30:00,基金,50ETF(510050.XSHG),卖,市价单,-30200股,3.547,-107119.4,-30200股,-,-6583.6,16.07,全部成交,2021-03-10 09:30:00
2021-03-10,09:30:00,基金,纳指ETF(513100.XSHG),买,市价单,25100股,4.271,107202.1,25100股,-,0,16.08,全部成交,2021-03-10 09:30:00
2021-03-22,09:30:00,基金,纳指ETF(513100.XSHG),卖,市价单,-25100股,4.274,-107277.4,-25100股,-,75.3,16.09,全部成交,2021-03-22 09:30:00
2021-03-22,09:30:00,基金,黄金ETF(518880.XSHG),买,市价单,29900股,3.581,107071.9,29900股,-,0,16.06,全部成交,2021-03-22 09:30:00
2021-03-29,09:30:00,基金,黄金ETF(518880.XSHG),卖,市价单,-29900股,3.58,-107042,-29900股,-,-29.9,16.06,全部成交,2021-03-29 09:30:00
2021-03-29,09:30:00,基金,纳指ETF(513100.XSHG),买,市价单,24800股,4.31,106888,24800股,-,0,16.03,全部成交,2021-03-29 09:30:00
2021-04-20,09:30:00,基金,纳指ETF(513100.XSHG),卖,市价单,-24800股,4.639,-115047.2,-24800股,-,8159.2,17.26,全部成交,2021-04-20 09:30:00
2021-04-20,09:30:00,基金,创业板ETF易方达(159915.XSHE),买,市价单,41300股,2.788,115144.4,41300股,-,0,17.27,全部成交,2021-04-20 09:30:00
2021-05-11,09:30:00,基金,创业板ETF易方达(159915.XSHE),卖,市价单,-41300股,2.796,-115474.8,-41300股,-,330.4,17.32,全部成交,2021-05-11 09:30:00
2021-05-11,09:30:00,基金,黄金ETF(518880.XSHG),买,市价单,30900股,3.731,115287.9,30900股,-,0,17.29,全部成交,2021-05-11 09:30:00
2021-05-13,09:30:00,基金,黄金ETF(518880.XSHG),卖,市价单,-30900股,3.719,-114917.1,-30900股,-,-370.8,17.24,全部成交,2021-05-13 09:30:00
2021-05-13,09:30:00,基金,创业板ETF易方达(159915.XSHE),买,市价单,40600股,2.836,115141.6,40600股,-,0,17.27,全部成交,2021-05-13 09:30:00
2021-06-21,09:30:00,基金,创业板ETF易方达(159915.XSHE),卖,市价单,-40600股,3.127,-126956.2,-40600股,-,11814.6,19.04,全部成交,2021-06-21 09:30:00
2021-06-21,09:30:00,基金,纳指ETF(513100.XSHG),买,市价单,27300股,4.639,126644.7,27300股,-,0,19,全部成交,2021-06-21 09:30:00
2021-06-22,09:30:00,基金,纳指ETF(513100.XSHG),卖,市价单,-27300股,4.665,-127354.5,-27300股,-,709.8,19.1,全部成交,2021-06-22 09:30:00
2021-06-22,09:30:00,基金,创业板ETF易方达(159915.XSHE),买,市价单,40200股,3.17,127434,40200股,-,0,19.12,全部成交,2021-06-22 09:30:00
2021-06-24,09:30:00,基金,创业板ETF易方达(159915.XSHE),卖,市价单,-40200股,3.212,-129122.4,-40200股,-,1688.4,19.37,全部成交,2021-06-24 09:30:00
2021-06-24,09:30:00,基金,纳指ETF(513100.XSHG),买,市价单,27200股,4.743,129009.6,27200股,-,0,19.35,全部成交,2021-06-24 09:30:00
2021-06-28,09:30:00,基金,纳指ETF(513100.XSHG),卖,市价单,-27200股,4.75,-129200,-27200股,-,190.4,19.38,全部成交,2021-06-28 09:30:00
2021-06-28,09:30:00,基金,创业板ETF易方达(159915.XSHE),买,市价单,39900股,3.238,129196.2,39900股,-,0,19.38,全部成交,2021-06-28 09:30:00
2021-06-30,09:30:00,基金,创业板ETF易方达(159915.XSHE),卖,市价单,-39900股,3.302,-131749.8,-39900股,-,2553.6,19.76,全部成交,2021-06-30 09:30:00
2021-06-30,09:30:00,基金,纳指ETF(513100.XSHG),买,市价单,27300股,4.82,131586,27300股,-,0,19.74,全部成交,2021-06-30 09:30:00
2021-07-01,09:30:00,基金,纳指ETF(513100.XSHG),卖,市价单,-27300股,4.837,-132050.1,-27300股,-,464.1,19.81,全部成交,2021-07-01 09:30:00
2021-07-01,09:30:00,基金,创业板ETF易方达(159915.XSHE),买,市价单,39100股,3.381,132197.1,39100股,-,0,19.83,全部成交,2021-07-01 09:30:00
2021-07-02,09:30:00,基金,创业板ETF易方达(159915.XSHE),卖,市价单,-39100股,3.332,-130281.2,-39100股,-,-1915.9,19.54,全部成交,2021-07-02 09:30:00
2021-07-02,09:30:00,基金,纳指ETF(513100.XSHG),买,市价单,27000股,4.83,130410,27000股,-,0,19.56,全部成交,2021-07-02 09:30:00
2021-07-20,09:30:00,基金,纳指ETF(513100.XSHG),卖,市价单,-27000股,4.851,-130977,-27000股,-,567,19.65,全部成交,2021-07-20 09:30:00
2021-07-20,09:30:00,基金,创业板ETF易方达(159915.XSHE),买,市价单,39400股,3.318,130729.2,39400股,-,0,19.61,全部成交,2021-07-20 09:30:00
2021-07-27,09:30:00,基金,创业板ETF易方达(159915.XSHE),卖,市价单,-39400股,3.259,-128404.6,-39400股,-,-2324.6,19.26,全部成交,2021-07-27 09:30:00
2021-07-27,09:30:00,基金,纳指ETF(513100.XSHG),买,市价单,25500股,5.03,128265,25500股,-,0,19.24,全部成交,2021-07-27 09:30:00
2021-08-02,09:30:00,基金,纳指ETF(513100.XSHG),卖,市价单,-25500股,4.962,-126531,-25500股,-,-1734,18.98,全部成交,2021-08-02 09:30:00
2021-08-02,09:30:00,基金,黄金ETF(518880.XSHG),买,市价单,34400股,3.685,126764,34400股,-,0,19.01,全部成交,2021-08-02 09:30:00
2021-08-03,09:30:00,基金,黄金ETF(518880.XSHG),卖,市价单,-34400股,3.682,-126660.8,-34400股,-,-103.2,19,全部成交,2021-08-03 09:30:00
2021-08-03,09:30:00,基金,纳指ETF(513100.XSHG),买,市价单,25500股,4.96,126480,25500股,-,0,18.97,全部成交,2021-08-03 09:30:00
2021-08-05,09:30:00,基金,纳指ETF(513100.XSHG),卖,市价单,-25500股,5.003,-127576.5,-25500股,-,1096.5,19.14,全部成交,2021-08-05 09:30:00
2021-08-05,09:30:00,基金,创业板ETF易方达(159915.XSHE),买,市价单,37100股,3.44,127624,37100股,-,0,19.14,全部成交,2021-08-05 09:30:00
2021-08-11,09:30:00,基金,创业板ETF易方达(159915.XSHE),卖,市价单,-37100股,3.355,-124470.5,-37100股,-,-3153.5,18.67,全部成交,2021-08-11 09:30:00
2021-08-11,09:30:00,基金,纳指ETF(513100.XSHG),买,市价单,24800股,5.019,124471.2,24800股,-,0,18.67,全部成交,2021-08-11 09:30:00
2021-09-13,09:30:00,基金,纳指ETF(513100.XSHG),卖,市价单,-24800股,5.099,-126455.2,-24800股,-,1984,18.97,全部成交,2021-09-13 09:30:00
2021-09-13,09:30:00,基金,黄金ETF(518880.XSHG),买,市价单,34700股,3.64,126308,34700股,-,0,18.95,全部成交,2021-09-13 09:30:00
2021-09-17,09:30:00,基金,黄金ETF(518880.XSHG),卖,市价单,-34700股,3.596,-124781.2,-34700股,-,-1526.8,18.72,全部成交,2021-09-17 09:30:00
2021-09-17,09:30:00,基金,纳指ETF(513100.XSHG),买,市价单,24400股,5.113,124757.2,24400股,-,0,18.71,全部成交,2021-09-17 09:30:00
2021-09-28,09:30:00,基金,纳指ETF(513100.XSHG),卖,市价单,-24400股,5.034,-122829.6,-24400股,-,-1927.6,18.42,全部成交,2021-09-28 09:30:00
2021-09-28,09:30:00,基金,50ETF(510050.XSHG),买,市价单,37900股,3.243,122909.7,37900股,-,0,18.44,全部成交,2021-09-28 09:30:00
2021-10-18,09:30:00,基金,50ETF(510050.XSHG),卖,市价单,-37900股,3.334,-126358.6,-37900股,-,3448.9,18.95,全部成交,2021-10-18 09:30:00
2021-10-18,09:30:00,基金,创业板ETF易方达(159915.XSHE),买,市价单,39700股,3.178,126166.6,39700股,-,0,18.92,全部成交,2021-10-18 09:30:00
2021-10-25,09:30:00,基金,创业板ETF易方达(159915.XSHE),卖,市价单,-39700股,3.182,-126325.4,-39700股,-,158.8,18.95,全部成交,2021-10-25 09:30:00
2021-10-25,09:30:00,基金,50ETF(510050.XSHG),买,市价单,37900股,3.337,126472.3,37900股,-,0,18.97,全部成交,2021-10-25 09:30:00
2021-10-26,09:30:00,基金,50ETF(510050.XSHG),卖,市价单,-37900股,3.356,-127192.4,-37900股,-,720.1,19.08,全部成交,2021-10-26 09:30:00
2021-10-26,09:30:00,基金,创业板ETF易方达(159915.XSHE),买,市价单,39000股,3.256,126984,39000股,-,0,19.05,全部成交,2021-10-26 09:30:00
2021-10-29,09:30:00,基金,创业板ETF易方达(159915.XSHE),卖,市价单,-39000股,3.186,-124254,-39000股,-,-2730,18.64,全部成交,2021-10-29 09:30:00
2021-10-29,09:30:00,基金,50ETF(510050.XSHG),买,市价单,37800股,3.289,124324.2,37800股,-,0,18.65,全部成交,2021-10-29 09:30:00
2021-11-01,09:30:00,基金,50ETF(510050.XSHG),卖,市价单,-37800股,3.284,-124135.2,-37800股,-,-189,18.62,全部成交,2021-11-01 09:30:00
2021-11-01,09:30:00,基金,创业板ETF易方达(159915.XSHE),买,市价单,38200股,3.245,123959,38200股,-,0,18.59,全部成交,2021-11-01 09:30:00
2021-11-05,09:30:00,基金,创业板ETF易方达(159915.XSHE),卖,市价单,-38200股,3.243,-123882.6,-38200股,-,-76.4,18.58,全部成交,2021-11-05 09:30:00
2021-11-05,09:30:00,基金,纳指ETF(513100.XSHG),买,市价单,23000股,5.375,123625,23000股,-,0,18.54,全部成交,2021-11-05 09:30:00
2021-11-30,09:30:00,基金,纳指ETF(513100.XSHG),卖,市价单,-23000股,5.377,-123671,-23000股,-,46,18.55,全部成交,2021-11-30 09:30:00
2021-11-30,09:30:00,基金,创业板ETF易方达(159915.XSHE),买,市价单,36500股,3.395,123917.5,36500股,-,0,18.59,全部成交,2021-11-30 09:30:00
2021-12-08,09:30:00,基金,创业板ETF易方达(159915.XSHE),卖,市价单,-36500股,3.266,-119209,-36500股,-,-4708.5,17.88,全部成交,2021-12-08 09:30:00
2021-12-08,09:30:00,基金,50ETF(510050.XSHG),买,市价单,36600股,3.259,119279.4,36600股,-,0,17.89,全部成交,2021-12-08 09:30:00
2022-01-07,09:30:00,基金,50ETF(510050.XSHG),卖,市价单,-36600股,3.199,-117083.4,-36600股,-,-2196,17.56,全部成交,2022-01-07 09:30:00
2022-01-07,09:30:00,基金,黄金ETF(518880.XSHG),买,市价单,32500股,3.598,116935,32500股,-,0,17.54,全部成交,2022-01-07 09:30:00
2022-03-28,09:30:00,基金,黄金ETF(518880.XSHG),卖,市价单,-32500股,3.906,-126945,-32500股,-,10010,19.04,全部成交,2022-03-28 09:30:00
2022-03-28,09:30:00,基金,纳指ETF(513100.XSHG),买,市价单,132500股,0.959,127067.5,132500股,-,0,19.06,全部成交,2022-03-28 09:30:00
2022-04-25,09:30:00,基金,纳指ETF(513100.XSHG),卖,市价单,-132500股,0.885,-117262.5,-132500股,-,-9805,17.59,全部成交,2022-04-25 09:30:00
2022-04-25,09:30:00,基金,黄金ETF(518880.XSHG),买,市价单,29800股,3.924,116935.2,29800股,-,0,17.54,全部成交,2022-04-25 09:30:00
2022-05-30,09:30:00,基金,黄金ETF(518880.XSHG),卖,市价单,-29800股,3.893,-116011.4,-29800股,-,-923.8,17.4,全部成交,2022-05-30 09:30:00
2022-05-30,09:30:00,基金,创业板ETF易方达(159915.XSHE),买,市价单,51400股,2.262,116266.8,51400股,-,0,17.44,全部成交,2022-05-30 09:30:00
2022-07-21,09:30:00,基金,创业板ETF易方达(159915.XSHE),卖,市价单,-51400股,2.674,-137443.6,-51400股,-,21176.8,20.62,全部成交,2022-07-21 09:30:00
2022-07-21,09:30:00,基金,纳指ETF(513100.XSHG),买,市价单,159600股,0.861,137415.6,159600股,-,0,20.61,全部成交,2022-07-21 09:30:00
2022-09-01,09:30:00,基金,纳指ETF(513100.XSHG),卖,市价单,-159600股,0.859,-137096.4,-159600股,-,-319.2,20.56,全部成交,2022-09-01 09:30:00
2022-09-01,09:30:00,基金,黄金ETF(518880.XSHG),买,市价单,36600股,3.737,136774.2,36600股,-,0,20.52,全部成交,2022-09-01 09:30:00
2022-09-14,09:30:00,基金,黄金ETF(518880.XSHG),卖,市价单,-36600股,3.766,-137835.6,-36600股,-,1061.4,20.68,全部成交,2022-09-14 09:30:00
2022-09-14,09:30:00,基金,50ETF(510050.XSHG),买,市价单,49600股,2.783,138036.8,49600股,-,0,20.71,全部成交,2022-09-14 09:30:00
2022-09-16,09:30:00,基金,50ETF(510050.XSHG),卖,市价单,-49600股,2.774,-137590.4,-49600股,-,-446.4,20.64,全部成交,2022-09-16 09:30:00
2022-09-16,09:30:00,基金,黄金ETF(518880.XSHG),买,市价单,36900股,3.728,137563.2,36900股,-,0,20.63,全部成交,2022-09-16 09:30:00
2022-11-03,09:30:00,基金,黄金ETF(518880.XSHG),卖,市价单,-36900股,3.807,-140478.3,-36900股,-,2915.1,21.07,全部成交,2022-11-03 09:30:00
2022-11-03,09:30:00,基金,创业板ETF易方达(159915.XSHE),买,市价单,61500股,2.283,140404.5,61500股,-,0,21.06,全部成交,2022-11-03 09:30:00
2022-11-14,09:30:00,基金,创业板ETF易方达(159915.XSHE),卖,市价单,-61500股,2.333,-143479.5,-61500股,-,3075,21.52,全部成交,2022-11-14 09:30:00
2022-11-14,09:30:00,基金,纳指ETF(513100.XSHG),买,市价单,167600股,0.856,143465.6,167600股,-,0,21.52,全部成交,2022-11-14 09:30:00
2022-11-22,09:30:00,基金,纳指ETF(513100.XSHG),卖,市价单,-167600股,0.846,-141789.6,-167600股,-,-1676,21.27,全部成交,2022-11-22 09:30:00
2022-11-22,09:30:00,基金,黄金ETF(518880.XSHG),买,市价单,36000股,3.936,141696,36000股,-,0,21.25,全部成交,2022-11-22 09:30:00
2022-11-24,09:30:00,基金,黄金ETF(518880.XSHG),卖,市价单,-36000股,3.955,-142380,-36000股,-,684,21.36,全部成交,2022-11-24 09:30:00
2022-11-24,09:30:00,基金,纳指ETF(513100.XSHG),买,市价单,165000股,0.863,142395,165000股,-,0,21.36,全部成交,2022-11-24 09:30:00
2022-11-28,09:30:00,基金,纳指ETF(513100.XSHG),卖,市价单,-165000股,0.858,-141570,-165000股,-,-825,21.24,全部成交,2022-11-28 09:30:00
2022-11-28,09:30:00,基金,50ETF(510050.XSHG),买,市价单,55800股,2.537,141564.6,55800股,-,0,21.23,全部成交,2022-11-28 09:30:00
2023-01-10,09:30:00,基金,50ETF(510050.XSHG),卖,市价单,-55800股,2.75,-153450,-55800股,-,13950,23.02,全部成交,2023-01-10 09:30:00
2023-01-10,09:30:00,基金,黄金ETF(518880.XSHG),买,市价单,38800股,4.003,155316.4,38800股,-,0,23.3,全部成交,2023-01-10 09:30:00
2023-01-16,09:30:00,基金,黄金ETF(518880.XSHG),卖,市价单,-38800股,4.058,-157450.4,-38800股,-,2134,23.62,全部成交,2023-01-16 09:30:00
2023-01-16,09:30:00,基金,50ETF(510050.XSHG),买,市价单,56200股,2.801,157416.2,56200股,-,0,23.61,全部成交,2023-01-16 09:30:00
2023-01-18,09:30:00,基金,50ETF(510050.XSHG),卖,市价单,-56200股,2.839,-159551.8,-56200股,-,2135.6,23.93,全部成交,2023-01-18 09:30:00
2023-01-18,09:30:00,基金,创业板ETF易方达(159915.XSHE),买,市价单,64400股,2.479,159647.6,64400股,-,0,23.95,全部成交,2023-01-18 09:30:00
2023-02-09,09:30:00,基金,创业板ETF易方达(159915.XSHE),卖,市价单,-64400股,2.444,-157393.6,-64400股,-,-2254,23.61,全部成交,2023-02-09 09:30:00
2023-02-09,09:30:00,基金,纳指ETF(513100.XSHG),买,市价单,180600股,0.871,157302.6,180600股,-,0,23.6,全部成交,2023-02-09 09:30:00
2023-02-10,09:30:00,基金,纳指ETF(513100.XSHG),卖,市价单,-180600股,0.863,-155857.8,-180600股,-,-1444.8,23.38,全部成交,2023-02-10 09:30:00
2023-02-10,09:30:00,基金,创业板ETF易方达(159915.XSHE),买,市价单,62500股,2.493,155812.5,62500股,-,0,23.37,全部成交,2023-02-10 09:30:00
2023-02-15,09:30:00,基金,创业板ETF易方达(159915.XSHE),卖,市价单,-62500股,2.488,-155500,-62500股,-,-312.5,23.32,全部成交,2023-02-15 09:30:00
2023-02-15,09:30:00,基金,纳指ETF(513100.XSHG),买,市价单,177700股,0.875,155487.5,177700股,-,0,23.32,全部成交,2023-02-15 09:30:00
2023-03-10,09:30:00,基金,纳指ETF(513100.XSHG),卖,市价单,-177700股,0.851,-151222.7,-177700股,-,-4264.8,22.68,全部成交,2023-03-10 09:30:00
2023-03-10,09:30:00,基金,黄金ETF(518880.XSHG),买,市价单,37200股,4.059,150994.8,37200股,-,0,22.65,全部成交,2023-03-10 09:30:00
2023-04-03,09:30:00,基金,黄金ETF(518880.XSHG),卖,市价单,-37200股,4.27,-158844,-37200股,-,7849.2,23.83,全部成交,2023-04-03 09:30:00
2023-04-03,09:30:00,基金,纳指ETF(513100.XSHG),买,市价单,173000股,0.919,158987,173000股,-,0,23.85,全部成交,2023-04-03 09:30:00
2023-04-07,09:30:00,基金,纳指ETF(513100.XSHG),卖,市价单,-173000股,0.915,-158295,-173000股,-,-692,23.74,全部成交,2023-04-07 09:30:00
2023-04-07,09:30:00,基金,黄金ETF(518880.XSHG),买,市价单,36500股,4.324,157826,36500股,-,0,23.67,全部成交,2023-04-07 09:30:00
2023-04-17,09:30:00,基金,黄金ETF(518880.XSHG),卖,市价单,-36500股,4.297,-156840.5,-36500股,-,-985.5,23.53,全部成交,2023-04-17 09:30:00
2023-04-17,09:30:00,基金,纳指ETF(513100.XSHG),买,市价单,171800股,0.915,157197,171800股,-,0,23.58,全部成交,2023-04-17 09:30:00
2023-04-27,09:30:00,基金,纳指ETF(513100.XSHG),卖,市价单,-171800股,0.905,-155479,-171800股,-,-1718,23.32,全部成交,2023-04-27 09:30:00
2023-04-27,09:30:00,基金,黄金ETF(518880.XSHG),买,市价单,35900股,4.322,155159.8,35900股,-,0,23.27,全部成交,2023-04-27 09:30:00
2023-04-28,09:30:00,基金,黄金ETF(518880.XSHG),卖,市价单,-35900股,4.3,-154370,-35900股,-,-789.8,23.16,全部成交,2023-04-28 09:30:00
2023-04-28,09:30:00,基金,纳指ETF(513100.XSHG),买,市价单,167800股,0.921,154543.8,167800股,-,0,23.18,全部成交,2023-04-28 09:30:00
2023-05-05,09:30:00,基金,纳指ETF(513100.XSHG),卖,市价单,-167800股,0.915,-153537,-167800股,-,-1006.8,23.03,全部成交,2023-05-05 09:30:00
2023-05-05,09:30:00,基金,黄金ETF(518880.XSHG),买,市价单,34700股,4.416,153235.2,34700股,-,0,22.99,全部成交,2023-05-05 09:30:00
2023-05-15,09:30:00,基金,黄金ETF(518880.XSHG),卖,市价单,-34700股,4.382,-152055.4,-34700股,-,-1179.8,22.81,全部成交,2023-05-15 09:30:00
2023-05-15,09:30:00,基金,纳指ETF(513100.XSHG),买,市价单,161500股,0.943,152294.5,161500股,-,0,22.84,全部成交,2023-05-15 09:30:00
2023-07-27,09:30:00,基金,纳指ETF(513100.XSHG),卖,市价单,-161500股,1.131,-182656.5,-161500股,-,30362,27.4,全部成交,2023-07-27 09:30:00
2023-07-27,09:30:00,基金,50ETF(510050.XSHG),买,市价单,68700股,2.656,182467.2,68700股,-,0,27.37,全部成交,2023-07-27 09:30:00
2023-07-28,09:30:00,基金,50ETF(510050.XSHG),卖,市价单,-68700股,2.637,-181161.9,-68700股,-,-1305.3,27.17,全部成交,2023-07-28 09:30:00
2023-07-28,09:30:00,基金,纳指ETF(513100.XSHG),买,市价单,160000股,1.133,181280,160000股,-,0,27.19,全部成交,2023-07-28 09:30:00
2023-07-31,09:30:00,基金,纳指ETF(513100.XSHG),卖,市价单,-160000股,1.146,-183360,-160000股,-,2080,27.5,全部成交,2023-07-31 09:30:00
2023-07-31,09:30:00,基金,50ETF(510050.XSHG),买,市价单,66700股,2.746,183158.2,66700股,-,0,27.47,全部成交,2023-07-31 09:30:00
2023-08-17,09:30:00,基金,50ETF(510050.XSHG),卖,市价单,-66700股,2.594,-173019.8,-66700股,-,-10138.4,25.95,全部成交,2023-08-17 09:30:00
2023-08-17,09:30:00,基金,黄金ETF(518880.XSHG),买,市价单,39100股,4.422,172900.2,39100股,-,0,25.94,全部成交,2023-08-17 09:30:00
2023-08-18,09:30:00,基金,黄金ETF(518880.XSHG),卖,市价单,-39100股,4.417,-172704.7,-39100股,-,-195.5,25.91,全部成交,2023-08-18 09:30:00
2023-08-18,09:30:00,基金,50ETF(510050.XSHG),买,市价单,66200股,2.61,172782,66200股,-,0,25.92,全部成交,2023-08-18 09:30:00
2023-08-22,09:30:00,基金,50ETF(510050.XSHG),卖,市价单,-66200股,2.555,-169141,-66200股,-,-3641,25.37,全部成交,2023-08-22 09:30:00
2023-08-22,09:30:00,基金,黄金ETF(518880.XSHG),买,市价单,38100股,4.434,168935.4,38100股,-,0,25.34,全部成交,2023-08-22 09:30:00
2023-08-23,09:30:00,基金,黄金ETF(518880.XSHG),卖,市价单,-38100股,4.44,-169164,-38100股,-,228.6,25.37,全部成交,2023-08-23 09:30:00
2023-08-23,09:30:00,基金,50ETF(510050.XSHG),买,市价单,66100股,2.559,169149.9,66100股,-,0,25.37,全部成交,2023-08-23 09:30:00
2023-08-24,09:30:00,基金,50ETF(510050.XSHG),卖,市价单,-66100股,2.539,-167827.9,-66100股,-,-1322,25.17,全部成交,2023-08-24 09:30:00
2023-08-24,09:30:00,基金,黄金ETF(518880.XSHG),买,市价单,37600股,4.461,167733.6,37600股,-,0,25.16,全部成交,2023-08-24 09:30:00
2023-09-25,09:30:00,基金,黄金ETF(518880.XSHG),卖,市价单,-37600股,4.555,-171268,-37600股,-,3534.4,25.69,全部成交,2023-09-25 09:30:00
2023-09-25,09:30:00,基金,50ETF(510050.XSHG),买,市价单,65200股,2.627,171280.4,65200股,-,0,25.69,全部成交,2023-09-25 09:30:00
2023-09-26,09:30:00,基金,50ETF(510050.XSHG),卖,市价单,-65200股,2.607,-169976.4,-65200股,-,-1304,25.5,全部成交,2023-09-26 09:30:00
2023-09-26,09:30:00,基金,黄金ETF(518880.XSHG),买,市价单,37100股,4.58,169918,37100股,-,0,25.49,全部成交,2023-09-26 09:30:00
2023-10-09,09:30:00,基金,黄金ETF(518880.XSHG),卖,市价单,-37100股,4.4,-163240,-37100股,-,-6678,24.49,全部成交,2023-10-09 09:30:00
2023-10-09,09:30:00,基金,50ETF(510050.XSHG),买,市价单,63300股,2.578,163187.4,63300股,-,0,24.48,全部成交,2023-10-09 09:30:00
2023-10-11,09:30:00,基金,50ETF(510050.XSHG),卖,市价单,-63300股,2.573,-162870.9,-63300股,-,-316.5,24.43,全部成交,2023-10-11 09:30:00
2023-10-11,09:30:00,基金,纳指ETF(513100.XSHG),买,市价单,146000股,1.116,162936,146000股,-,0,24.44,全部成交,2023-10-11 09:30:00
2023-10-12,09:30:00,基金,纳指ETF(513100.XSHG),卖,市价单,-146000股,1.129,-164834,-146000股,-,1898,24.73,全部成交,2023-10-12 09:30:00
2023-10-12,09:30:00,基金,50ETF(510050.XSHG),买,市价单,63600股,2.592,164851.2,63600股,-,0,24.73,全部成交,2023-10-12 09:30:00
2023-10-16,09:30:00,基金,50ETF(510050.XSHG),卖,市价单,-63600股,2.568,-163324.8,-63600股,-,-1526.4,24.5,全部成交,2023-10-16 09:30:00
2023-10-16,09:30:00,基金,纳指ETF(513100.XSHG),买,市价单,146800股,1.112,163241.6,146800股,-,0,24.49,全部成交,2023-10-16 09:30:00
2023-10-17,09:30:00,基金,纳指ETF(513100.XSHG),卖,市价单,-146800股,1.12,-164416,-146800股,-,1174.4,24.66,全部成交,2023-10-17 09:30:00
2023-10-17,09:30:00,基金,黄金ETF(518880.XSHG),买,市价单,36700股,4.476,164269.2,36700股,-,0,24.64,全部成交,2023-10-17 09:30:00
2023-11-06,09:30:00,基金,黄金ETF(518880.XSHG),卖,市价单,-36700股,4.607,-169076.9,-36700股,-,4807.7,25.36,全部成交,2023-11-06 09:30:00
2023-11-06,09:30:00,基金,纳指ETF(513100.XSHG),买,市价单,152400股,1.11,169164,152400股,-,0,25.37,全部成交,2023-11-06 09:30:00
2023-11-10,09:30:00,基金,纳指ETF(513100.XSHG),卖,市价单,-152400股,1.117,-170230.8,-152400股,-,1066.8,25.53,全部成交,2023-11-10 09:30:00
2023-11-10,09:30:00,基金,黄金ETF(518880.XSHG),买,市价单,37400股,4.543,169908.2,37400股,-,0,25.49,全部成交,2023-11-10 09:30:00
2023-11-17,09:30:00,基金,黄金ETF(518880.XSHG),卖,市价单,-37400股,4.578,-171217.2,-37400股,-,1309,25.68,全部成交,2023-11-17 09:30:00
2023-11-17,09:30:00,基金,纳指ETF(513100.XSHG),买,市价单,147800股,1.16,171448,147800股,-,0,25.72,全部成交,2023-11-17 09:30:00
2024-01-17,09:30:00,基金,纳指ETF(513100.XSHG),卖,市价单,-147800股,1.224,-180907.2,-147800股,-,9459.2,27.14,全部成交,2024-01-17 09:30:00
2024-01-17,09:30:00,基金,黄金ETF(518880.XSHG),买,市价单,38800股,4.661,180846.8,38800股,-,0,27.13,全部成交,2024-01-17 09:30:00
2024-01-19,09:30:00,基金,黄金ETF(518880.XSHG),卖,市价单,-38800股,4.636,-179876.8,-38800股,-,-970,26.98,全部成交,2024-01-19 09:30:00
2024-01-19,09:30:00,基金,纳指ETF(513100.XSHG),买,市价单,145300股,1.237,179736.1,145300股,-,0,26.96,全部成交,2024-01-19 09:30:00
2024-02-22,09:30:00,基金,纳指ETF(513100.XSHG),卖,市价单,-145300股,1.301,-189035.3,-145300股,-,9299.2,28.36,全部成交,2024-02-22 09:30:00
2024-02-22,09:30:00,基金,50ETF(510050.XSHG),买,市价单,77400股,2.44,188856,77400股,-,0,28.33,全部成交,2024-02-22 09:30:00
2024-02-27,09:30:00,基金,50ETF(510050.XSHG),卖,市价单,-77400股,2.418,-187153.2,-77400股,-,-1702.8,28.07,全部成交,2024-02-27 09:30:00
2024-02-27,09:30:00,基金,纳指ETF(513100.XSHG),买,市价单,143200股,1.308,187305.6,143200股,-,0,28.1,全部成交,2024-02-27 09:30:00
2024-02-28,09:30:00,基金,纳指ETF(513100.XSHG),卖,市价单,-143200股,1.309,-187448.8,-143200股,-,143.2,28.12,全部成交,2024-02-28 09:30:00
2024-02-28,09:30:00,基金,50ETF(510050.XSHG),买,市价单,76800股,2.438,187238.4,76800股,-,0,28.09,全部成交,2024-02-28 09:30:00
2024-03-05,09:30:00,基金,50ETF(510050.XSHG),卖,市价单,-76800股,2.442,-187545.6,-76800股,-,307.2,28.13,全部成交,2024-03-05 09:30:00
2024-03-05,09:30:00,基金,创业板ETF易方达(159915.XSHE),买,市价单,105900股,1.771,187548.9,105900股,-,0,28.13,全部成交,2024-03-05 09:30:00
2024-03-06,09:30:00,基金,创业板ETF易方达(159915.XSHE),卖,市价单,-105900股,1.773,-187760.7,-105900股,-,211.8,28.16,全部成交,2024-03-06 09:30:00
2024-03-06,09:30:00,基金,50ETF(510050.XSHG),买,市价单,75700股,2.478,187584.6,75700股,-,0,28.14,全部成交,2024-03-06 09:30:00
2024-03-07,09:30:00,基金,50ETF(510050.XSHG),卖,市价单,-75700股,2.466,-186676.2,-75700股,-,-908.4,28,全部成交,2024-03-07 09:30:00
2024-03-07,09:30:00,基金,创业板ETF易方达(159915.XSHE),买,市价单,105000股,1.779,186795,105000股,-,0,28.02,全部成交,2024-03-07 09:30:00
2024-03-26,09:30:00,基金,创业板ETF易方达(159915.XSHE),卖,市价单,-105000股,1.782,-187110,-105000股,-,315,28.07,全部成交,2024-03-26 09:30:00
2024-03-26,09:30:00,基金,黄金ETF(518880.XSHG),买,市价单,37700股,4.959,186954.3,37700股,-,0,28.04,全部成交,2024-03-26 09:30:00
2024-05-10,09:30:00,基金,黄金ETF(518880.XSHG),卖,市价单,-37700股,5.33,-200941,-37700股,-,13986.7,30.14,全部成交,2024-05-10 09:30:00
2024-05-10,09:30:00,基金,创业板ETF易方达(159915.XSHE),买,市价单,108100股,1.858,200849.8,108100股,-,0,30.13,全部成交,2024-05-10 09:30:00
2024-05-13,09:30:00,基金,创业板ETF易方达(159915.XSHE),卖,市价单,-108100股,1.819,-196633.9,-108100股,-,-4215.9,29.5,全部成交,2024-05-13 09:30:00
2024-05-13,09:30:00,基金,黄金ETF(518880.XSHG),买,市价单,36800股,5.34,196512,36800股,-,0,29.48,全部成交,2024-05-13 09:30:00
2024-05-14,09:30:00,基金,黄金ETF(518880.XSHG),卖,市价单,-36800股,5.33,-196144,-36800股,-,-368,29.42,全部成交,2024-05-14 09:30:00
2024-05-14,09:30:00,基金,50ETF(510050.XSHG),买,市价单,77300股,2.539,196264.7,77300股,-,0,29.44,全部成交,2024-05-14 09:30:00
2024-05-21,09:30:00,基金,50ETF(510050.XSHG),卖,市价单,-77300股,2.562,-198042.6,-77300股,-,1777.9,29.71,全部成交,2024-05-21 09:30:00
2024-05-21,09:30:00,基金,创业板ETF易方达(159915.XSHE),买,市价单,108400股,1.826,197938.4,108400股,-,0,29.69,全部成交,2024-05-21 09:30:00
2024-05-24,09:30:00,基金,创业板ETF易方达(159915.XSHE),卖,市价单,-108400股,1.804,-195553.6,-108400股,-,-2384.8,29.33,全部成交,2024-05-24 09:30:00
2024-05-24,09:30:00,基金,纳指ETF(513100.XSHG),买,市价单,143400股,1.364,195597.6,143400股,-,0,29.34,全部成交,2024-05-24 09:30:00
2024-07-19,09:30:00,基金,纳指ETF(513100.XSHG),卖,市价单,-143400股,1.477,-211801.8,-143400股,-,16204.2,31.77,全部成交,2024-07-19 09:30:00
2024-07-19,09:30:00,基金,黄金ETF(518880.XSHG),买,市价单,38700股,5.458,211224.6,38700股,-,0,31.68,全部成交,2024-07-19 09:30:00
2024-07-22,09:30:00,基金,黄金ETF(518880.XSHG),卖,市价单,-38700股,5.427,-210024.9,-38700股,-,-1199.7,31.5,全部成交,2024-07-22 09:30:00
2024-07-22,09:30:00,基金,50ETF(510050.XSHG),买,市价单,82900股,2.537,210317.3,82900股,-,0,31.55,全部成交,2024-07-22 09:30:00
2024-07-25,09:30:00,基金,50ETF(510050.XSHG),卖,市价单,-82900股,2.465,-204348.5,-82900股,-,-5968.8,30.65,全部成交,2024-07-25 09:30:00
2024-07-25,09:30:00,基金,黄金ETF(518880.XSHG),买,市价单,37900股,5.388,204205.2,37900股,-,0,30.63,全部成交,2024-07-25 09:30:00
2024-07-26,09:30:00,基金,黄金ETF(518880.XSHG),卖,市价单,-37900股,5.312,-201324.8,-37900股,-,-2880.4,30.2,全部成交,2024-07-26 09:30:00
2024-07-26,09:30:00,基金,50ETF(510050.XSHG),买,市价单,82200股,2.451,201472.2,82200股,-,0,30.22,全部成交,2024-07-26 09:30:00
2024-07-29,09:30:00,基金,50ETF(510050.XSHG),卖,市价单,-82200股,2.441,-200650.2,-82200股,-,-822,30.1,全部成交,2024-07-29 09:30:00
2024-07-29,09:30:00,基金,黄金ETF(518880.XSHG),买,市价单,37100股,5.395,200154.5,37100股,-,0,30.02,全部成交,2024-07-29 09:30:00
2024-09-06,09:30:00,基金,黄金ETF(518880.XSHG),卖,市价单,-37100股,5.51,-204421,-37100股,-,4266.5,30.66,全部成交,2024-09-06 09:30:00
2024-09-06,09:30:00,基金,纳指ETF(513100.XSHG),买,市价单,151600股,1.351,204811.6,151600股,-,0,30.72,全部成交,2024-09-06 09:30:00
2024-09-19,09:30:00,基金,纳指ETF(513100.XSHG),卖,市价单,-151600股,1.429,-216636.4,-151600股,-,11824.8,32.5,全部成交,2024-09-19 09:30:00
2024-09-19,09:30:00,基金,黄金ETF(518880.XSHG),买,市价单,38700股,5.591,216371.7,38700股,-,0,32.46,全部成交,2024-09-19 09:30:00
2024-09-26,09:30:00,基金,黄金ETF(518880.XSHG),卖,市价单,-38700股,5.76,-222912,-38700股,-,6540.3,33.44,全部成交,2024-09-26 09:30:00
2024-09-26,09:30:00,基金,创业板ETF易方达(159915.XSHE),买,市价单,139000股,1.604,222956,139000股,-,0,33.44,全部成交,2024-09-26 09:30:00
2024-11-08,09:30:00,基金,创业板ETF易方达(159915.XSHE),卖,市价单,-139000股,2.355,-327345,-139000股,-,104389,49.1,全部成交,2024-11-08 09:30:00
2024-11-08,09:30:00,基金,纳指ETF(513100.XSHG),买,市价单,214600股,1.525,327265,214600股,-,0,49.09,全部成交,2024-11-08 09:30:00
2024-11-13,09:30:00,基金,纳指ETF(513100.XSHG),卖,市价单,-214600股,1.53,-328338,-214600股,-,1073,49.25,全部成交,2024-11-13 09:30:00
2024-11-13,09:30:00,基金,创业板ETF易方达(159915.XSHE),买,市价单,141200股,2.325,328290,141200股,-,0,49.24,全部成交,2024-11-13 09:30:00
2024-11-22,09:30:00,基金,创业板ETF易方达(159915.XSHE),卖,市价单,-141200股,2.218,-313181.6,-141200股,-,-15108.4,46.98,全部成交,2024-11-22 09:30:00
2024-11-22,09:30:00,基金,纳指ETF(513100.XSHG),买,市价单,206100股,1.519,313065.9,206100股,-,0,46.96,全部成交,2024-11-22 09:30:00
2025-01-13,09:30:00,基金,纳指ETF(513100.XSHG),卖,市价单,-206100股,1.613,-332439.3,-206100股,-,19373.4,49.87,全部成交,2025-01-13 09:30:00
2025-01-13,09:30:00,基金,黄金ETF(518880.XSHG),买,市价单,54400股,6.105,332112,54400股,-,0,49.82,全部成交,2025-01-13 09:30:00
2025-02-18,09:30:00,基金,黄金ETF(518880.XSHG),卖,市价单,-54400股,6.5,-353600,-54400股,-,21488,53.04,全部成交,2025-02-18 09:30:00
2025-02-18,09:30:00,基金,创业板ETF易方达(159915.XSHE),买,市价单,162400股,2.178,353707.2,162400股,-,0,53.06,全部成交,2025-02-18 09:30:00
2025-03-03,09:30:00,基金,创业板ETF易方达(159915.XSHE),卖,市价单,-162400股,2.133,-346399.2,-162400股,-,-7308,51.96,全部成交,2025-03-03 09:30:00
2025-03-03,09:30:00,基金,黄金ETF(518880.XSHG),买,市价单,53700股,6.445,346096.5,53700股,-,0,51.91,全部成交,2025-03-03 09:30:00
2025-03-07,09:30:00,基金,黄金ETF(518880.XSHG),卖,市价单,-53700股,6.506,-349372.2,-53700股,-,3275.7,52.41,全部成交,2025-03-07 09:30:00
2025-03-07,09:30:00,基金,创业板ETF易方达(159915.XSHE),买,市价单,160200股,2.181,349396.2,160200股,-,0,52.41,全部成交,2025-03-07 09:30:00
2025-03-13,09:30:00,基金,创业板ETF易方达(159915.XSHE),卖,市价单,-160200股,2.146,-343789.2,-160200股,-,-5607,51.57,全部成交,2025-03-13 09:30:00
2025-03-13,09:30:00,基金,50ETF(510050.XSHG),买,市价单,126000股,2.729,343854,126000股,-,0,51.58,全部成交,2025-03-13 09:30:00
2025-03-21,09:30:00,基金,50ETF(510050.XSHG),卖,市价单,-126000股,2.772,-349272,-126000股,-,5418,52.39,全部成交,2025-03-21 09:30:00
2025-03-21,09:30:00,基金,黄金ETF(518880.XSHG),买,市价单,51200股,6.808,348569.6,51200股,-,0,52.29,全部成交,2025-03-21 09:30:00
2025-05-13,09:30:00,基金,黄金ETF(518880.XSHG),卖,市价单,-51200股,7.291,-373299.2,-51200股,-,24729.6,55.99,全部成交,2025-05-13 09:30:00
2025-05-13,09:30:00,基金,纳指ETF(513100.XSHG),买,市价单,243000股,1.538,373734,243000股,-,0,56.06,全部成交,2025-05-13 09:30:00
2025-06-17,09:30:00,基金,纳指ETF(513100.XSHG),卖,市价单,-243000股,1.573,-382239,-243000股,-,8505,57.34,全部成交,2025-06-17 09:30:00
2025-06-17,09:30:00,基金,黄金ETF(518880.XSHG),买,市价单,50700股,7.525,381517.5,50700股,-,0,57.23,全部成交,2025-06-17 09:30:00
2025-06-25,09:30:00,基金,黄金ETF(518880.XSHG),卖,市价单,-50700股,7.378,-374064.6,-50700股,-,-7452.9,56.11,全部成交,2025-06-25 09:30:00
2025-06-25,09:30:00,基金,纳指ETF(513100.XSHG),买,市价单,234700股,1.596,374581.2,234700股,-,0,56.19,全部成交,2025-06-25 09:30:00
2025-06-26,09:30:00,基金,纳指ETF(513100.XSHG),卖,市价单,-234700股,1.599,-375285.3,-234700股,-,704.1,56.29,全部成交,2025-06-26 09:30:00
2025-06-26,09:30:00,基金,创业板ETF易方达(159915.XSHE),买,市价单,177900股,2.109,375191.1,177900股,-,0,56.28,全部成交,2025-06-26 09:30:00
2025-10-10,09:30:00,基金,创业板ETF易方达(159915.XSHE),卖,市价单,-177900股,3.201,-569457.9,-177900股,-,194266.8,85.42,全部成交,2025-10-10 09:30:00
2025-10-10,09:30:00,基金,黄金ETF(518880.XSHG),买,市价单,65900股,8.637,569178.3,65900股,-,0,85.38,全部成交,2025-10-10 09:30:00
2025-10-28,09:30:00,基金,黄金ETF(518880.XSHG),卖,市价单,-65900股,8.79,-579261,-65900股,-,10082.7,86.89,全部成交,2025-10-28 09:30:00
2025-10-28,09:30:00,基金,纳指ETF(513100.XSHG),买,市价单,293100股,1.976,579165.6,293100股,-,0,86.87,全部成交,2025-10-28 09:30:00
2025-11-10,09:30:00,基金,纳指ETF(513100.XSHG),卖,市价单,-293100股,1.946,-570372.6,-293100股,-,-8793,85.56,全部成交,2025-11-10 09:30:00
2025-11-10,09:30:00,基金,黄金ETF(518880.XSHG),买,市价单,64300股,8.869,570276.7,64300股,-,0,85.54,全部成交,2025-11-10 09:30:00
2025-11-11,09:30:00,基金,黄金ETF(518880.XSHG),卖,市价单,-64300股,9.138,-587573.4,-64300股,-,17296.7,88.14,全部成交,2025-11-11 09:30:00
2025-11-11,09:30:00,基金,纳指ETF(513100.XSHG),买,市价单,297400股,1.975,587365,297400股,-,0,88.1,全部成交,2025-11-11 09:30:00
2025-11-19,09:30:00,基金,纳指ETF(513100.XSHG),卖,市价单,-297400股,1.835,-545729,-297400股,-,-41636,81.86,全部成交,2025-11-19 09:30:00
2025-11-19,09:30:00,基金,创业板ETF易方达(159915.XSHE),买,市价单,178800股,3.051,545518.8,178800股,-,0,81.83,全部成交,2025-11-19 09:30:00
2025-11-21,09:30:00,基金,创业板ETF易方达(159915.XSHE),卖,市价单,-178800股,2.99,-534612,-178800股,-,-10906.8,80.19,全部成交,2025-11-21 09:30:00
2025-11-21,09:30:00,基金,纳指ETF(513100.XSHG),买,市价单,291400股,1.834,534427.6,291400股,-,0,80.16,全部成交,2025-11-21 09:30:00
2025-11-27,09:30:00,基金,纳指ETF(513100.XSHG),卖,市价单,-291400股,1.941,-565607.4,-291400股,-,31179.8,84.84,全部成交,2025-11-27 09:30:00
2025-11-27,09:30:00,基金,黄金ETF(518880.XSHG),买,市价单,62800股,9.003,565388.4,62800股,-,0,84.81,全部成交,2025-11-27 09:30:00
2025-12-26,09:30:00,基金,黄金ETF(518880.XSHG),卖,市价单,-62800股,9.67,-607276,-62800股,-,41887.6,91.09,全部成交,2025-12-26 09:30:00
2025-12-26,09:30:00,基金,创业板ETF易方达(159915.XSHE),买,市价单,188400股,3.222,607024.8,188400股,-,0,91.05,全部成交,2025-12-26 09:30:00
2026-01-13,09:30:00,基金,创业板ETF易方达(159915.XSHE),卖,市价单,-188400股,3.372,-635284.8,-188400股,-,28260,95.29,全部成交,2026-01-13 09:30:00
2026-01-13,09:30:00,基金,黄金ETF(518880.XSHG),买,市价单,64800股,9.79,634392,64800股,-,0,95.16,全部成交,2026-01-13 09:30:00
2026-03-11,09:30:00,基金,黄金ETF(518880.XSHG),卖,市价单,-64800股,11.026,-714484.8,-64800股,-,80092.8,107.17,全部成交,2026-03-11 09:30:00
2026-03-11,09:30:00,基金,创业板ETF易方达(159915.XSHE),买,市价单,216500股,3.303,715099.5,216500股,-,0,107.26,全部成交,2026-03-11 09:30:00
2026-03-16,09:30:00,基金,创业板ETF易方达(159915.XSHE),卖,市价单,-216500股,3.308,-716182,-216500股,-,1082.5,107.43,全部成交,2026-03-16 09:30:00
2026-03-16,09:30:00,基金,黄金ETF(518880.XSHG),买,市价单,67300股,10.63,715399,67300股,-,0,107.31,全部成交,2026-03-16 09:30:00
2026-03-19,09:30:00,基金,黄金ETF(518880.XSHG),卖,市价单,-67300股,10.283,-692045.9,-67300股,-,-23353.1,103.81,全部成交,2026-03-19 09:30:00
2026-03-19,09:30:00,基金,创业板ETF易方达(159915.XSHE),买,市价单,210000股,3.297,692370,210000股,-,0,103.86,全部成交,2026-03-19 09:30:00
2026-04-28,09:30:00,基金,创业板ETF易方达(159915.XSHE),卖,市价单,-210000股,3.63,-762300,-210000股,-,69930,114.34,全部成交,2026-04-28 09:30:00
2026-04-28,09:30:00,基金,纳指ETF(513100.XSHG),买,市价单,391800股,1.945,762051,391800股,-,0,114.31,全部成交,2026-04-28 09:30:00
2026-05-12,09:30:00,基金,纳指ETF(513100.XSHG),卖,市价单,-391800股,2.098,-821996.4,-391800股,-,59945.4,123.3,全部成交,2026-05-12 09:30:00
2026-05-12,09:30:00,基金,创业板ETF易方达(159915.XSHE),买,市价单,207900股,3.952,821620.8,207900股,-,0,123.24,全部成交,2026-05-12 09:30:00
2026-05-21,09:30:00,基金,创业板ETF易方达(159915.XSHE),卖,市价单,-207900股,3.97,-825363,-207900股,-,3742.2,123.8,全部成交,2026-05-21 09:30:00
2026-05-21,09:30:00,基金,纳指ETF(513100.XSHG),买,市价单,395800股,2.085,825243,395800股,-,0,123.79,全部成交,2026-05-21 09:30:00
2026-06-23,09:30:00,基金,纳指ETF(513100.XSHG),卖,市价单,-395800股,2.22,-878676,-395800股,-,53433,131.8,全部成交,2026-06-23 09:30:00
2026-06-23,09:30:00,基金,创业板ETF易方达(159915.XSHE),买,市价单,200600股,4.379,878427.4,200600股,-,0,131.76,全部成交,2026-06-23 09:30:00
2026-07-03,09:30:00,基金,创业板ETF易方达(159915.XSHE),卖,市价单,-200600股,4.002,-802801.2,-200600股,-,-75626.2,120.42,全部成交,2026-07-03 09:30:00
2026-07-03,09:30:00,基金,50ETF(510050.XSHG),买,市价单,267300股,3.003,802701.9,267300股,-,0,120.41,全部成交,2026-07-03 09:30:00
